id,field,year,difficulty,question,choice1,choice2,choice3,choice4,answer,explanation,source_url
R5QESTIONANSWER_Q01,権利関係,R5,2,次の1 から4 までの記述のうち、民法の規定、判例及び下記判決文によれば、 誤っているものはどれか。 （判決文） 遺産は、相続人が数人あるときは、相続開始から遺産分割までの間、共同相続人の共有に属 するものであるから、この間に遺産である賃貸不動産を使用管理した結果生ずる金銭債権たる 賃料債権は、遺産とは別個の財産というべきであって、各共同相続人がその相続分に応じて分 割単独債権として確定的に取得するものと解するのが相当である。,遺産である不動産から、相続開始から遺産分割までの間に生じた賃料債権は、遺産である 不動産が遺産分割によって複数の相続人のうちの一人に帰属することとなった場合、当該不 動産が帰属することになった相続人が相続開始時にさかのぼって取得する。,相続人が数人あるときは、相続財産は、その共有に属し、各共同相続人は、その相続分に 応じて被相続人の権利義務を承継する。,遺産分割の効力は、相続開始の時にさかのぼって生ずる。ただし、第三者の権利を害する ことはできない。,遺産である不動産が遺産分割によって複数の相続人のうちの一人に帰属することとなった 場合、当該不動産から遺産分割後に生じた賃料債権は、遺産分割によって当該不動産が帰属 した相続人が取得する。,0,公式解答: 1,https://www.retio.or.jp/wp-content/uploads/2025/03/R5_qestion_answer　.pdf
R5QESTIONANSWER_Q02,権利関係,R5,2,相隣関係に関する次の記述のうち、民法の規定によれば、正しいものはどれか。,土地の所有者は、境界標の調査又は境界に関する測量等の一定の目的のために必要な範囲 内で隣地を使用することができる場合であっても、住家については、その家の居住者の承諾 がなければ、当該住家に立ち入ることはできない。,土地の所有者は、隣地の竹木の枝が境界線を越える場合、その竹木の所有者にその枝を切 除させることができるが、その枝を切除するよう催告したにもかかわらず相当の期間内に切 除しなかったときであっても、自らその枝を切り取ることはできない。,相隣者の一人は、相隣者間で共有する障壁の高さを増すときは、他方の相隣者の承諾を得 なければならない。,他の土地に囲まれて公道に通じない土地の所有者は、公道に出るためにその土地を囲んで いる他の土地を自由に選んで通行することができる。,0,公式解答: 1,https://www.retio.or.jp/wp-content/uploads/2025/03/R5_qestion_answer　.pdf
R5QESTIONANSWER_Q03,権利関係,R5,2,Ａを注文者、Ｂを請負人として、Ａ所有の建物に対して独立性を有さずその構成 部分となる増築部分の工事請負契約を締結し、Ｂは3 か月間で増築工事を終了させた。この場 合に関する次の記述のうち、民法の規定及び判例によれば、誤っているものはどれか。なお、 この問において「契約不適合」とは品質に関して契約の内容に適合しないことをいい、当該請 負契約には契約不適合責任に関する特約は定められていなかったものとする。,ＡがＢに請負代金を支払っていなくても、Ａは増築部分の所有権を取得する。,Ｂが材料を提供して増築した部分に契約不適合がある場合、Ａは工事が終了した日から1 年以内にその旨をＢに通知しなければ、契約不適合を理由とした修補をＢに対して請求する ことはできない。,Ｂが材料を提供して増築した部分に契約不適合があり、Ｂは不適合があることを知りなが らそのことをＡに告げずに工事を終了し、Ａが工事終了日から3 年後に契約不適合を知った 場合、ＡはＢに対して、消滅時効が完成するまでは契約不適合を理由とした修補を請求する ことができる。,増築した部分にＡが提供した材料の性質によって契約不適合が生じ、Ｂが材料が不適当で あることを知らずに工事を終了した場合、ＡはＢに対して、Ａが提供した材料によって生じ た契約不適合を理由とした修補を請求することはできない。,1,公式解答: 2,https://www.retio.or.jp/wp-content/uploads/2025/03/R5_qestion_answer　.pdf
R5QESTIONANSWER_Q04,権利関係,R5,2,ＡがＢに対して貸金債権である甲債権を、ＢがＡに対して貸金債権である乙債権 をそれぞれ有している場合において、民法の規定及び判例によれば、次のアからエまでの記述 のうち、Ａが一方的な意思表示により甲債権と乙債権とを対当額にて相殺できないものを全て 掲げたものは、次の1 から4 のうちどれか。なお、いずれの債権も相殺を禁止し又は制限する 旨の意思表示はされていないものとする。 ア 弁済期の定めのない甲債権と、弁済期到来前に、ＡがＢに対して期限の利益を放棄する旨 の意思表示をした乙債権 イ 弁済期が到来している甲債権と、弁済期の定めのない乙債権 ウ 弁済期の定めのない甲債権と、弁済期が到来している乙債権 エ 弁済期が到来していない甲債権と、弁済期が到来している乙債権,ア、イ、ウ,イ、ウ,ウ、エ,エ,3,公式解答: 4,https://www.retio.or.jp/wp-content/uploads/2025/03/R5_qestion_answer　.pdf
R5QESTIONANSWER_Q05,権利関係,R5,2,従来の住所又は居所を去った者（以下この問において「不在者」という。）の財 産の管理に関する次の記述のうち、民法の規定及び判例によれば、正しいものはどれか。なお、 この問において「管理人」とは、不在者の財産の管理人をいうものとする。,不在者が管理人を置かなかったときは、当該不在者の生死が7 年間明らかでない場合に限 り、家庭裁判所は、利害関係人又は検察官の請求により、その財産の管理について必要な処 分を命ずることができる。,不在者が管理人を置いた場合において、その不在者の生死が明らかでないときは、家庭裁 判所は、利害関係人又は検察官から請求があったとしても管理人を改任することはできない。,家庭裁判所により選任された管理人は、不在者を被告とする建物収去土地明渡請求を認容 した第一審判決に対して控訴を提起するには、家庭裁判所の許可が必要である。,家庭裁判所により選任された管理人は、保存行為として不在者の自宅を修理することがで きるほか、家庭裁判所の許可を得てこれを売却することができる。,3,公式解答: 4,https://www.retio.or.jp/wp-content/uploads/2025/03/R5_qestion_answer　.pdf
R5QESTIONANSWER_Q06,権利関係,R5,2,Ａ所有の甲土地について、Ｂが所有の意思をもって平穏にかつ公然と時効取得に 必要な期間占有を継続した場合に関する次の記述のうち、民法の規定及び判例によれば、正し いものはいくつあるか。 ア ＡがＣに対して甲土地を売却し、Ｃが所有権移転登記を備えた後にＢの取得時効が完成し た場合には、Ｂは登記を備えていなくても、甲土地の所有権の時効取得をＣに対抗すること ができる。 イ Ｂの取得時効が完成した後に、ＡがＤに対して甲土地を売却しＤが所有権移転登記を備え、 Ｂが、Ｄの登記の日から所有の意思をもって平穏にかつ公然と時効取得に必要な期間占有を 継続した場合、所有権移転登記を備えていなくても、甲土地の所有権の時効取得をＤに対抗 することができる。 ウ Ｂの取得時効完成後、Ｂへの所有権移転登記がなされないままＥがＡを債務者として甲土 地にＡから抵当権の設定を受けて抵当権設定登記をした場合において、Ｂがその後引き続き 所有の意思をもって平穏にかつ公然と時効取得に必要な期間占有を継続した場合、特段の事 情がない限り、再度の時効取得により、Ｂは甲土地の所有権を取得し、Ｅの抵当権は消滅す る。,一つ,二つ,三つ,なし,2,公式解答: 3,https://www.retio.or.jp/wp-content/uploads/2025/03/R5_qestion_answer　.pdf
R5QESTIONANSWER_Q07,権利関係,R5,2,甲建物を所有するＡが死亡し、Ａの配偶者Ｂが甲建物の配偶者居住権を、Ａの子 Ｃが甲建物の所有権をそれぞれ取得する旨の遺産分割協議が成立した場合に関する次の記述の うち、民法の規定によれば、正しいものはどれか。,遺産分割協議において、Ｂの配偶者居住権の存続期間が定められなかった場合、配偶者居 住権の存続期間は20 年となる。,Ｂが高齢となり、バリアフリーのマンションに転居するための資金が必要になった場合、 Ｂは、Ｃの承諾を得ずに甲建物を第三者Ｄに賃貸することができる。,Ｃには、Ｂに対し、配偶者居住権の設定の登記を備えさせる義務がある。,Ｃは、甲建物の通常の必要費を負担しなければならない。,2,公式解答: 3,https://www.retio.or.jp/wp-content/uploads/2025/03/R5_qestion_answer　.pdf
R5QESTIONANSWER_Q08,権利関係,R5,2,未成年者Ａが、法定代理人Ｂの同意を得ずに、Ｃから甲建物を買い受ける契約 （以下この問において「本件売買契約」という。）を締結した場合における次の記述のうち、民 法の規定によれば、正しいものはどれか。なお、Ａに処分を許された財産はなく、Ａは、営業 を許されてはいないものとする。,ＡがＢの同意を得ずに制限行為能力を理由として本件売買契約を取り消した場合、Ｂは、 自己が本件売買契約の取消しに同意していないことを理由に、Ａの当該取消しの意思表示を 取り消すことができる。,本件売買契約締結時にＡが未成年者であることにつきＣが善意無過失であった場合、Ｂは、 Ａの制限行為能力を理由として、本件売買契約を取り消すことはできない。,本件売買契約につき、取消しがなされないままＡが成年に達した場合、本件売買契約につ いてＢが反対していたとしても、自らが取消権を有すると知ったＡは、本件売買契約を追認 することができ、追認後は本件売買契約を取り消すことはできなくなる。,本件売買契約につき、Ｂが追認しないまま、Ａが成年に達する前にＢの同意を得ずに甲建 物をＤに売却した場合、ＢがＤへの売却について追認していないときでも、Ａは制限行為能 力を理由として、本件売買契約を取り消すことはできなくなる。,2,公式解答: 3,https://www.retio.or.jp/wp-content/uploads/2025/03/R5_qestion_answer　.pdf
R5QESTIONANSWER_Q09,権利関係,R5,2,Ａを貸主、Ｂを借主として甲建物の賃貸借契約が令和5 年7 月1 日に締結された 場合の甲建物の修繕に関する次の記述のうち、民法の規定によれば、誤っているものはどれか。,甲建物の修繕が必要であることを、Ａが知ったにもかかわらず、Ａが相当の期間内に必要 な修繕をしないときは、Ｂは甲建物の修繕をすることができる。,甲建物の修繕が必要である場合において、ＢがＡに修繕が必要である旨を通知したにもか かわらず、Ａが必要な修繕を直ちにしないときは、Ｂは甲建物の修繕をすることができる。,Ｂの責めに帰すべき事由によって甲建物の修繕が必要となった場合は、Ａは甲建物を修繕 する義務を負わない。,甲建物の修繕が必要である場合において、急迫の事情があるときは、Ｂは甲建物の修繕を することができる。,1,公式解答: 2,https://www.retio.or.jp/wp-content/uploads/2025/03/R5_qestion_answer　.pdf
R5QESTIONANSWER_Q10,権利関係,R5,2,"債務者Ａが所有する甲土地には、債権者Ｂが一番抵当権（債権額1,000 万円）、 債権者Ｃが二番抵当権（債権額1,200 万円）、債権者Ｄが三番抵当権（債権額2,000 万円）を それぞれ有しているが、ＢがＤの利益のため、Ａの承諾を得て抵当権の順位を放棄した。甲土 地の競売に基づく売却代金が2,400 万円であった場合、Ｂの受ける配当額として、民法の規定 によれば、正しいものはどれか。",0 円,200 万円,400 万円,800 万円,2,公式解答: 3,https://www.retio.or.jp/wp-content/uploads/2025/03/R5_qestion_answer　.pdf
R5QESTIONANSWER_Q11,権利関係,R5,2,ＡがＢとの間で、Ａ所有の甲土地につき建物所有目的で期間を50 年とする賃貸 借契約（以下この問において「本件契約」という。）を締結する場合に関する次の記述のうち、 借地借家法の規定及び判例によれば、正しいものはどれか。,本件契約に、当初の10 年間は地代を減額しない旨の特約を定めた場合、その期間内は、 ＢはＡに対して地代の減額請求をすることはできない。,本件契約が甲土地上で専ら賃貸アパート事業用の建物を所有する目的である場合、契約の 更新や建物の築造による存続期間の延長がない旨を定めるためには、公正証書で合意しなけ ればならない。,本件契約に建物買取請求権を排除する旨の特約が定められていない場合、本件契約が終了 したときは、その終了事由のいかんにかかわらず、ＢはＡに対してＢが甲土地上に所有して いる建物を時価で買い取るべきことを請求することができる。,本件契約がＢの居住のための建物を所有する目的であり契約の更新がない旨を定めていな い契約であって、期間満了する場合において甲土地上に建物があり、Ｂが契約の更新を請求 したとしても、Ａが遅滞なく異議を述べ、その異議に更新を拒絶する正当な事由があると認 められる場合は、本件契約は更新されない。,3,公式解答: 4,https://www.retio.or.jp/wp-content/uploads/2025/03/R5_qestion_answer　.pdf
R5QESTIONANSWER_Q12,権利関係,R5,2,令和5 年7 月1 日に締結された建物の賃貸借契約（定期建物賃貸借契約及び一時 使用目的の建物の賃貸借契約を除く。）に関する次の記述のうち、民法及び借地借家法の規定 並びに判例によれば、正しいものはどれか。,期間を1 年未満とする建物の賃貸借契約は、期間を1 年とするものとみなされる。,当事者間において、一定の期間は建物の賃料を減額しない旨の特約がある場合、現行賃料 が不相当になったなどの事情が生じたとしても、この特約は有効である。,賃借人が建物の引渡しを受けている場合において、当該建物の賃貸人が当該建物を譲渡す るに当たり、当該建物の譲渡人及び譲受人が、賃貸人たる地位を譲渡人に留保する旨及び当 該建物の譲受人が譲渡人に賃貸する旨の合意をしたときは、賃貸人たる地位は譲受人に移転 しない。,現行賃料が定められた時から一定の期間が経過していなければ、賃料増額請求は、認めら れない。,2,公式解答: 3,https://www.retio.or.jp/wp-content/uploads/2025/03/R5_qestion_answer　.pdf
R5QESTIONANSWER_Q13,権利関係,R5,2,建物の区分所有等に関する法律（以下この問において「法」という。）に関する 次の記述のうち、誤っているものはどれか。,集会においては、法で集会の決議につき特別の定数が定められている事項を除き、規約で 別段の定めをすれば、あらかじめ通知した事項以外についても決議することができる。,集会は、区分所有者の4 分の3 以上の同意があるときは、招集の手続を経ないで開くこと ができる。,共用部分の保存行為は、規約に別段の定めがある場合を除いて、各共有者がすることがで きるため集会の決議を必要としない。,一部共用部分に関する事項で区分所有者全員の利害に関係しないものについての区分所有 者全員の規約は、当該一部共用部分を共用すべき区分所有者が8 人である場合、3 人が反対 したときは変更することができない。,1,公式解答: 2,https://www.retio.or.jp/wp-content/uploads/2025/03/R5_qestion_answer　.pdf
R5QESTIONANSWER_Q14,権利関係,R5,2,不動産の登記に関する次の記述のうち、不動産登記法の規定によれば、誤ってい るものはどれか。,建物が滅失したときは、表題部所有者又は所有権の登記名義人は、その滅失の日から1 か 月以内に、当該建物の滅失の登記を申請しなければならない。,何人も、理由の有無にかかわらず、登記官に対し、手数料を納付して、登記簿の附属書類 である申請書を閲覧することができる。,共有物分割禁止の定めに係る権利の変更の登記の申請は、当該権利の共有者である全ての 登記名義人が共同してしなければならない。,区分建物の所有権の保存の登記は、表題部所有者から所有権を取得した者も、申請するこ とができる。,1,公式解答: 2,https://www.retio.or.jp/wp-content/uploads/2025/03/R5_qestion_answer　.pdf
R5QESTIONANSWER_Q15,法令上の制限,R5,2,都市計画法に関する次の記述のうち、正しいものはどれか。,市街化調整区域は、土地利用を整序し、又は環境を保全するための措置を講ずることなく 放置すれば、将来における一体の都市としての整備に支障が生じるおそれがある区域とされ ている。,高度利用地区は、土地の合理的かつ健全な高度利用と都市機能の更新とを図るため、都市 計画に、建築物の高さの最低限度を定める地区とされている。,特定用途制限地域は、用途地域が定められている土地の区域内において、都市計画に、制 限すべき特定の建築物等の用途の概要を定める地域とされている。,地区計画は、用途地域が定められている土地の区域のほか、一定の場合には、用途地域が 定められていない土地の区域にも定めることができる。,3,公式解答: 4,https://www.retio.or.jp/wp-content/uploads/2025/03/R5_qestion_answer　.pdf
R5QESTIONANSWER_Q16,法令上の制限,R5,2,都市計画法に関する次の記述のうち、正しいものはどれか。ただし、この問にお いて条例による特別の定めはないものとし、「都道府県知事」とは、地方自治法に基づく指定 都市、中核市及び施行時特例市にあってはその長をいうものとする。,開発許可を申請しようとする者は、あらかじめ、開発行為に関係がある公共施設の管理者 と協議し、その同意を得なければならない。,開発許可を受けた者は、当該許可を受ける際に申請書に記載した事項を変更しようとする 場合においては、都道府県知事に届け出なければならないが、当該変更が国土交通省令で定 める軽微な変更に当たるときは、届け出なくてよい。,開発許可を受けた者は、当該開発行為に関する工事が完了し、都道府県知事から検査済証 を交付されたときは、遅滞なく、当該工事が完了した旨を公告しなければならない。,市街化調整区域のうち開発許可を受けた開発区域以外の区域内において、自己の居住用の 住宅を新築しようとする全ての者は、当該建築が開発行為を伴わない場合であれば、都道府 県知事の許可を受けなくてよい。,0,公式解答: 1,https://www.retio.or.jp/wp-content/uploads/2025/03/R5_qestion_answer　.pdf
R5QESTIONANSWER_Q17,法令上の制限,R5,2,建築基準法に関する次の記述のうち、誤っているものはどれか。,地方公共団体は、条例で、津波、高潮、出水等による危険の著しい区域を災害危険区域と して指定し、当該区域内における住居の用に供する建築物の建築を禁止することができる。,"3 階建て以上の建築物の避難階以外の階を、床面積の合計が1,500 m2 を超える物品販売 業の店舗の売場とする場合には、当該階から避難階又は地上に通ずる2 以上の直通階段を設 けなければならない。",建築物が防火地域及び準防火地域にわたる場合、その全部について準防火地域内の建築物 に関する規定を適用する。,石綿等をあらかじめ添加した建築材料は、石綿等を飛散又は発散させるおそれがないもの として国土交通大臣が定めたもの又は国土交通大臣の認定を受けたものを除き、使用しては ならない。,2,公式解答: 3,https://www.retio.or.jp/wp-content/uploads/2025/03/R5_qestion_answer　.pdf
R5QESTIONANSWER_Q18,法令上の制限,R5,2,次の記述のうち、建築基準法（以下この問において「法」という。）の規定によ れば、正しいものはどれか。,法第53 条第1 項及び第2 項の建蔽率制限に係る規定の適用については、準防火地域内に ある準耐火建築物であり、かつ、街区の角にある敷地又はこれに準ずる敷地で特定行政庁が 指定するものの内にある建築物にあっては同条第1 項各号に定める数値に10 分の2 を加え たものをもって当該各号に定める数値とする。,建築物又は敷地を造成するための擁壁は、道路内に、又は道路に突き出して建築し、又は 築造してはならず、地盤面下に設ける建築物においても同様である。,地方公共団体は、その敷地が袋路状道路にのみ接する建築物であって、延べ面積が150 m2 を超えるものについては、一戸建ての住宅であっても、条例で、その敷地が接しなければな らない道路の幅員、その敷地が道路に接する部分の長さその他その敷地又は建築物と道路と の関係に関して必要な制限を付加することができる。,冬至日において、法第56 条の2 第1 項の規定による日影規制の対象区域内の土地に日影 を生じさせるものであっても、対象区域外にある建築物であれば一律に、同項の規定は適用 されない。,0,公式解答: 1,https://www.retio.or.jp/wp-content/uploads/2025/03/R5_qestion_answer　.pdf
R5QESTIONANSWER_Q19,法令上の制限,R5,2,宅地造成等規制法に関する次の記述のうち、誤っているものはどれか。なお、こ の問において「都道府県知事」とは、地方自治法に基づく指定都市、中核市及び施行時特例市 にあってはその長をいうものとする。,都道府県知事は、関係市町村長の意見を聴いて、宅地造成工事規制区域内で、宅地造成に 伴う災害で相当数の居住者その他の者に危害を生ずるものの発生のおそれが大きい一団の造 成宅地の区域であって、一定の基準に該当するものを、造成宅地防災区域として指定するこ とができる。,都道府県知事は、その地方の気候、風土又は地勢の特殊性により、宅地造成等規制法の規 定のみによっては宅地造成に伴うがけ崩れ又は土砂の流出の防止の目的を達し難いと認める 場合は、都道府県（地方自治法に基づく指定都市、中核市又は施行時特例市の区域にあって は、それぞれ指定都市、中核市又は施行時特例市）の規則で、宅地造成工事規制区域内にお いて行われる宅地造成に関する工事の技術的基準を強化し、又は付加することができる。,都道府県知事は、宅地造成工事規制区域内の宅地について、宅地造成に伴う災害を防止す るために必要があると認める場合には、その宅地の所有者に対して、擁壁等の設置等の措置 をとることを勧告することができる。,宅地造成工事規制区域内の宅地において、雨水その他の地表水又は地下水を排除するため の排水施設の除却工事を行おうとする場合は、一定の場合を除き、都道府県知事への届出が 必要となる。,0,公式解答: 1,https://www.retio.or.jp/wp-content/uploads/2025/03/R5_qestion_answer　.pdf
R5QESTIONANSWER_Q20,法令上の制限,R5,2,土地区画整理法に関する次の記述のうち、誤っているものはどれか。,換地計画において定められた清算金は、換地処分の公告があった日の翌日において確定す る。,現に施行されている土地区画整理事業の施行地区となっている区域については、その施行 者の同意を得なければ、その施行者以外の者は、土地区画整理事業を施行することができな い。,施行者は、換地処分の公告があった場合において、施行地区内の土地及び建物について土 地区画整理事業の施行により変動があったときは、遅滞なく、その変動に係る登記を申請し、 又は嘱託しなければならない。,土地区画整理組合は、仮換地を指定しようとする場合においては、あらかじめ、その指定 について、土地区画整理審議会の同意を得なければならない。,3,公式解答: 4,https://www.retio.or.jp/wp-content/uploads/2025/03/R5_qestion_answer　.pdf
R5QESTIONANSWER_Q21,法令上の制限,R5,2,農地に関する次の記述のうち、農地法（以下この問において「法」という。）の 規定によれば、誤っているものはどれか。,相続により農地を取得する場合は、法第3 条第1 項の許可を要しないが、相続人に該当し ない者が特定遺贈により農地を取得する場合は、同項の許可を受ける必要がある。,自己の所有する面積4 アールの農地を農作物の育成又は養畜の事業のための農業用施設に 転用する場合は、法第4 条第1 項の許可を受ける必要はない。,法第3 条第1 項又は法第5 条第1 項の許可が必要な農地の売買について、これらの許可を 受けずに売買契約を締結しても、その所有権の移転の効力は生じない。,社会福祉事業を行うことを目的として設立された法人（社会福祉法人）が、農地をその目 的に係る業務の運営に必要な施設の用に供すると認められる場合、農地所有適格法人でなく ても、農業委員会の許可を得て、農地の所有権を取得することができる。,1,公式解答: 2,https://www.retio.or.jp/wp-content/uploads/2025/03/R5_qestion_answer　.pdf
R5QESTIONANSWER_Q22,法令上の制限,R5,2,土地を取得する場合における届出に関する次の記述のうち、正しいものはどれか。 なお、この問において「事後届出」とは、国土利用計画法第23 条の届出をいい、「重要土地等 調査法」とは、重要施設周辺及び国境離島等における土地等の利用状況の調査及び利用の規制 等に関する法律をいうものとする。,"都市計画区域外において、国から一団の土地である6,000 m2 と5,000 m2 の土地を購入し た者は、事後届出を行う必要はない。","市街化区域を除く都市計画区域内において、Ａが所有する7,000 m2 の土地をＢが相続に より取得した場合、Ｂは事後届出を行う必要がある。","市街化区域において、Ｃが所有する3,000 m2 の土地をＤが購入する契約を締結した場合、 Ｃ及びＤは事後届出を行わなければならない。",重要土地等調査法の規定による特別注視区域内にある100 m2 の規模の土地に関する所有 権又はその取得を目的とする権利の移転をする契約を締結する場合には、当事者は、一定の 事項を、あらかじめ、内閣総理大臣に届け出なければならない。,0,公式解答: 1,https://www.retio.or.jp/wp-content/uploads/2025/03/R5_qestion_answer　.pdf
R5QESTIONANSWER_Q23,税・その他,R5,2,印紙税に関する次の記述のうち、正しいものはどれか。なお、以下の契約書はい ずれも書面により作成されたものとする。,売主Ａと買主Ｂが土地の譲渡契約書を3 通作成し、Ａ、Ｂ及び仲介人Ｃがそれぞれ1 通ず つ保存する場合、当該契約書3 通には印紙税が課される。,"一の契約書に土地の譲渡契約（譲渡金額5,000 万円）と建物の建築請負契約（請負金額 6,000 万円）をそれぞれ区分して記載した場合、印紙税の課税標準となる当該契約書の記載 金額は1 億1,000 万円である。","「Ｄの所有する甲土地（時価2,000 万円）をＥに贈与する」旨を記載した贈与契約書を作 成した場合、印紙税の課税標準となる当該契約書の記載金額は、2,000 万円である。","当初作成の「土地を1 億円で譲渡する」旨を記載した土地譲渡契約書の契約金額を変更す るために作成する契約書で、「当初の契約書の契約金額を1,000 万円減額し、9,000 万円と する」旨を記載した変更契約書について、印紙税の課税標準となる当該変更契約書の記載金 額は、1,000 万円である。",0,公式解答: 1,https://www.retio.or.jp/wp-content/uploads/2025/03/R5_qestion_answer　.pdf
R5QESTIONANSWER_Q24,税・その他,R5,2,不動産取得税に関する次の記述のうち、正しいものはどれか。,不動産取得税の徴収については、特別徴収の方法によることができる。,不動産取得税は、目的税である。,不動産取得税は、不動産の取得に対し、当該不動産所在の市町村及び特別区において、当 該不動産の取得者に課する。,不動産取得税は、市町村及び特別区に対して、課することができない。,3,公式解答: 4,https://www.retio.or.jp/wp-content/uploads/2025/03/R5_qestion_answer　.pdf
R5QESTIONANSWER_Q25,税・その他,R5,2,不動産の鑑定評価に関する次の記述のうち、不動産鑑定評価基準によれば、正し いものはどれか。,原価法は、価格時点における対象不動産の収益価格を求め、この収益価格について減価修 正を行って対象不動産の比準価格を求める手法である。,原価法は、対象不動産が建物又は建物及びその敷地である場合には適用することができる が、対象不動産が土地のみである場合においては、いかなる場合も適用することができない。,取引事例比較法における取引事例が、特殊事情のある事例である場合、その具体的な状況 が判明し、事情補正できるものであっても採用することは許されない。,取引事例比較法は、近隣地域若しくは同一需給圏内の類似地域等において対象不動産と類 似の不動産の取引が行われている場合又は同一需給圏内の代替競争不動産の取引が行われて いる場合に有効である。,3,公式解答: 4,https://www.retio.or.jp/wp-content/uploads/2025/03/R5_qestion_answer　.pdf
R5QESTIONANSWER_Q26,宅建業法,R5,2,宅地建物取引業法第37 条の規定により交付すべき書面に記載すべき事項を電磁 的方法により提供すること（以下この問において「37 条書面の電磁的方法による提供」とい う。）に関する次の記述のうち、正しいものはいくつあるか。 ア 宅地建物取引業者が自ら売主として締結する売買契約において、当該契約の相手方から宅 地建物取引業法施行令第3 条の4 第1 項に規定する承諾を得なければ、37 条書面の電磁的 方法による提供をすることができない。 イ 宅地建物取引業者が媒介業者として関与する売買契約について、宅地建物取引業法施行令 第3 条の4 第1 項に規定する承諾を取得するための通知の中に宅地建物取引士を明示してお けば、37 条書面の電磁的方法による提供において提供に係る宅地建物取引士を明示する必 要はない。 ウ 宅地建物取引業者が自ら売主として締結する売買契約において、37 条書面の電磁的方法 による提供を行う場合、当該提供されたファイルへの記録を取引の相手方が出力することに より書面を作成できるものでなければならない。 エ 宅地建物取引業者が媒介業者として関与する建物賃貸借契約について、37 条書面の電磁 的方法による提供を行う場合、当該提供するファイルに記録された記載事項について、改変 が行われていないかどうかを確認することができる措置を講じなければならない。,一つ,二つ,三つ,四つ,2,公式解答: 3,https://www.retio.or.jp/wp-content/uploads/2025/03/R5_qestion_answer　.pdf
R5QESTIONANSWER_Q27,宅建業法,R5,2,宅地建物取引業法第34 条の2 第1 項第4 号に規定する建物状況調査（以下この 問において「建物状況調査」という。）に関する次の記述のうち、誤っているものはどれか。,建物状況調査とは、建物の構造耐力上主要な部分又は雨水の浸入を防止する部分として国 土交通省令で定めるものの状況の調査であって、経年変化その他の建物に生じる事象に関す る知識及び能力を有する者として国土交通省令で定める者が実施するものをいう。,宅地建物取引業者が建物状況調査を実施する者のあっせんを行う場合、建物状況調査を実 施する者は建築士法第2 条第1 項に規定する建築士であって国土交通大臣が定める講習を修 了した者でなければならない。,既存住宅の売買の媒介を行う宅地建物取引業者が売主に対して建物状況調査を実施する者 のあっせんを行った場合、宅地建物取引業者は売主から報酬とは別にあっせんに係る料金を 受領することはできない。,既存住宅の貸借の媒介を行う宅地建物取引業者は、宅地建物取引業法第37 条の規定によ り交付すべき書面に建物の構造耐力上主要な部分等の状況について当事者の双方が確認した 事項を記載しなければならない。,3,公式解答: 4,https://www.retio.or.jp/wp-content/uploads/2025/03/R5_qestion_answer　.pdf
R5QESTIONANSWER_Q28,宅建業法,R5,2,宅地建物取引業者Ａの業務に関する次の記述のうち、宅地建物取引業法（以下こ の問において「法」という。）の規定に違反するものはいくつあるか。 ア Ａの従業員Ｂが、Ｃが所有する戸建住宅の買取りを目的とした訪問勧誘をＣに対して行っ たところ、Ｃから「契約の意思がないので今後勧誘に来ないでほしい」と言われたことから、 後日、Ａは、別の従業員Ｄに同じ目的で訪問勧誘を行わせて、当該勧誘を継続した。 イ Ａの従業員Ｅは、Ｆが所有する戸建住宅の買取りを目的とした電話勧誘をＦに対して行っ た際に、不実のことと認識しながら「今後5 年以内にこの一帯は再開発されるので、急いで 売却した方がよい。」と説明した。 ウ Ａの従業員Ｇは、Ｈが所有する戸建住宅の買取りを目的とした電話勧誘をＨに対して行お うと考え、23 時頃にＨの自宅に電話をかけ、勧誘を行い、Ｈの私生活の平穏を害し、Ｈを 困惑させた。 エ Ａは、Ｊとの間でＪが所有する戸建住宅を買い取る売買契約を締結し、法第37 条の規定 に基づく書面をＪに交付したが、Ａの宅地建物取引士に、当該書面に記名のみさせ、押印さ せることを省略した。,一つ,二つ,三つ,四つ,2,公式解答: 3,https://www.retio.or.jp/wp-content/uploads/2025/03/R5_qestion_answer　.pdf
R5QESTIONANSWER_Q29,宅建業法,R5,2,宅地建物取引業の免許（以下この問において「免許」という。）に関する次の記 述のうち、宅地建物取引業法の規定によれば、正しいものはどれか。,宅地建物取引業者Ａ社の使用人であって、Ａ社の宅地建物取引業を行う支店の代表者であ るものが、道路交通法の規定に違反したことにより懲役の刑に処せられたとしても、Ａ社の 免許は取り消されることはない。,宅地建物取引業者Ｂ社の取締役が、所得税法の規定に違反したことにより罰金の刑に処せ られたとしても、Ｂ社の免許は取り消されることはない。,宅地建物取引業者である個人Ｃが、宅地建物取引業法の規定に違反したことにより罰金の 刑に処せられたとしても、Ｃの免許は取り消されることはない。,宅地建物取引業者Ｄ社の非常勤の取締役が、刑法第222 条（脅迫）の罪を犯したことによ り罰金の刑に処せられたとしても、Ｄ社の免許は取り消されることはない。,1,公式解答: 2,https://www.retio.or.jp/wp-content/uploads/2025/03/R5_qestion_answer　.pdf
R5QESTIONANSWER_Q30,宅建業法,R5,2,宅地建物取引業者Ａ（甲県知事免許）の営業保証金に関する次の記述のうち、宅 地建物取引業法の規定によれば、正しいものはいくつあるか。なお、Ａは宅地建物取引業保証 協会の社員ではないものとする。 ア Ａが免許を受けた日から6 か月以内に甲県知事に営業保証金を供託した旨の届出を行わな いとき、甲県知事はその届出をすべき旨の催告をしなければならず、当該催告が到達した日 から1 か月以内にＡが届出を行わないときは、その免許を取り消すことができる。 イ Ａは、営業保証金を供託したときは、その供託物受入れの記載のある供託書の写しを添付 して、その旨を甲県知事に届け出なければならず、当該届出をした後でなければ、その事業 を開始することができない。 ウ Ａは、営業保証金が還付され、甲県知事から営業保証金が政令で定める額に不足が生じた 旨の通知を受け、その不足額を供託したときは、30 日以内に甲県知事にその旨を届け出な ければならない。 エ Ａが免許失効に伴い営業保証金を取り戻す際、供託した営業保証金につき還付を受ける権 利を有する者に対し、3 か月を下らない一定期間内に申し出るべき旨を公告し、期間内にそ の申出がなかった場合でなければ、取り戻すことができない。,一つ,二つ,三つ,四つ,0,公式解答: 1,https://www.retio.or.jp/wp-content/uploads/2025/03/R5_qestion_answer　.pdf
R5QESTIONANSWER_Q31,宅建業法,R5,2,宅地建物取引業者がその業務に関して行う広告に関する次の記述のうち、宅地建 物取引業法（以下この問において「法」という。）の規定によれば、正しいものはどれか。な お、この問において「建築確認」とは、建築基準法第6 条第1 項の確認をいうものとする。,宅地又は建物の売買に関する注文を受けたときは、遅滞なくその注文をした者に対して取 引態様の別を明らかにしなければならないが、当該注文者が事前に取引態様の別を明示した 広告を見てから注文してきた場合においては、取引態様の別を遅滞なく明らかにする必要は ない。,既存の住宅に関する広告を行うときは、法第34 条の2 第1 項第4 号に規定する建物状況 調査を実施しているかどうかを明示しなければならない。,これから建築工事を行う予定である建築確認申請中の建物については、当該建物の売買の 媒介に関する広告をしてはならないが、貸借の媒介に関する広告はすることができる。,販売する宅地又は建物の広告に関し、著しく事実に相違する表示をした場合、監督処分の 対象となるだけでなく、懲役若しくは罰金に処せられ、又はこれを併科されることもある。,3,公式解答: 4,https://www.retio.or.jp/wp-content/uploads/2025/03/R5_qestion_answer　.pdf
R5QESTIONANSWER_Q32,宅建業法,R5,2,宅地建物取引業者が行う届出に関する次の記述のうち、宅地建物取引業法の規定 によれば、誤っているものはどれか。,宅地建物取引業者Ａ（甲県知事免許）が、新たに宅地建物取引業を営む支店を甲県内に設 置した場合、Ａはその日から30 日以内にその旨を甲県知事に届け出なければならない。,宅地建物取引業者Ｂ（乙県知事免許）が、宅地建物取引業者ではないＣとの合併により消 滅した場合、Ｂを代表する役員であった者は、その日から30 日以内にその旨を乙県知事に 届け出なければならない。,宅地建物取引業者Ｄ（丙県知事免許）が、本店における専任の宅地建物取引士Ｅの退職に 伴い、新たに専任の宅地建物取引士Ｆを本店に置いた場合、Ｄはその日から30 日以内にそ の旨を丙県知事に届け出なければならない。,宅地建物取引業者Ｇ（丁県知事免許）が、その業務に関し展示会を丁県内で実施する場合、 展示会を実施する場所において売買契約の締結（予約を含む。）又は売買契約の申込みの受 付を行うときは、Ｇは展示会での業務を開始する日の5 日前までに展示会を実施する場所に ついて丁県知事に届け出なければならない。,3,公式解答: 4,https://www.retio.or.jp/wp-content/uploads/2025/03/R5_qestion_answer　.pdf
R5QESTIONANSWER_Q33,宅建業法,R5,2,宅地建物取引業法第35 条に規定する重要事項の説明に関する次の記述のうち、 正しいものはどれか。,甲宅地を所有する宅地建物取引業者Ａが、乙宅地を所有する宅地建物取引業者ではない個 人Ｂと、甲宅地と乙宅地の交換契約を締結するに当たって、Ｂに対して、甲宅地に関する重 要事項の説明を行う義務はあるが、乙宅地に関する重要事項の説明を行う義務はない。,宅地の売買における当該宅地の引渡しの時期について、重要事項説明において説明しなけ ればならない。,宅地建物取引業者が売主となる宅地の売買に関し、売主が買主から受領しようとする金銭 のうち、買主への所有権移転の登記以後に受領するものに対して、宅地建物取引業法施行規 則第16 条の4 に定める保全措置を講ずるかどうかについて、重要事項説明書に記載する必 要がある。,重要事項説明書の電磁的方法による提供については、重要事項説明を受ける者から電磁的 方法でよいと口頭で依頼があった場合、改めて電磁的方法で提供することについて承諾を得 る必要はない。,0,公式解答: 1,https://www.retio.or.jp/wp-content/uploads/2025/03/R5_qestion_answer　.pdf
R5QESTIONANSWER_Q34,宅建業法,R5,2,"宅地建物取引業者Ａ（消費税課税事業者）は貸主Ｂから建物の貸借の媒介の依頼 を受け、宅地建物取引業者Ｃ（消費税課税事業者）は借主Ｄから建物の貸借の媒介の依頼を受 け、ＢとＤとの間で、1 か月分の借賃を12 万円（消費税等相当額を含まない。）とする賃貸借 契約（以下この問において「本件契約」という。）を成立させた場合における次の記述のうち、 宅地建物取引業法の規定に違反するものはいくつあるか。 ア 本件契約が建物を住居として貸借する契約である場合に、Ｃは、媒介の依頼を受けるに当 たってＤから承諾を得ないまま、132,000 円の報酬を受領した。 イ ＡはＢから事前に特別な広告の依頼があったので、依頼に基づく大手新聞掲載広告料金に 相当する額をＢに請求し、受領した。 ウ ＣはＤに対し、賃貸借契約書の作成費を、Ｄから限度額まで受領した媒介報酬の他に請求 して受領した。 エ 本件契約が建物を事務所として貸借する契約である場合に、報酬として、ＡはＢから 132,000 円を、ＣはＤから132,000 円をそれぞれ受領した。",一つ,二つ,三つ,四つ,2,公式解答: 3,https://www.retio.or.jp/wp-content/uploads/2025/03/R5_qestion_answer　.pdf
R5QESTIONANSWER_Q35,宅建業法,R5,2,宅地建物取引業者Ａが、自ら売主として、宅地建物取引業者ではない買主Ｂから 宅地の買受けの申込みを受けた場合における宅地建物取引業法第37 条の2 の規定に基づくい わゆるクーリング・オフに関する次の記述のうち、正しいものはどれか。,Ａは、仮設テント張りの案内所でＢから買受けの申込みを受けた際、以後の取引について、 その取引に係る書類に関してＢから電磁的方法で提供をすることについての承諾を得た場合、 クーリング・オフについて電磁的方法で告げることができる。,Ａが、仮設テント張りの案内所でＢから買受けの申込みを受けた場合、Ｂは、クーリン グ・オフについて告げられた日から8 日以内に電磁的方法により当該申込みの撤回を申し出 れば、申込みの撤回を行うことができる。,Ａが、Ａの事務所でＢから買受けの申込みを受けた場合、Ｂは、申込みの日から8 日以内 に電磁的方法により当該申込みの撤回を申し出れば、申込みの撤回を行うことができる。,Ａが、売却の媒介を依頼している宅地建物取引業者Ｃの事務所でＢから買受けの申込みを 受けた場合、Ｂは、申込みの日から8 日以内に書面により当該申込みの撤回を申し出ても、 申込みの撤回を行うことができない。,3,公式解答: 4,https://www.retio.or.jp/wp-content/uploads/2025/03/R5_qestion_answer　.pdf
R5QESTIONANSWER_Q36,宅建業法,R5,2,次の記述のうち、宅地建物取引業者Ａが行う業務に関して宅地建物取引業法の規 定に違反するものはいくつあるか。 ア 建物の貸借の媒介に際して、賃借の申込みをした者がその撤回を申し出たので、Ａはか かった諸費用を差し引いて預り金を返還した。 イ Ａは、売主としてマンションの売買契約を締結するに際して、買主が手付として必要な額 を今すぐには用意できないと申し出たので、手付金の分割払いを買主に提案した。 ウ Ａは取引のあったつど、その年月日やその取引に係る宅地又は建物の所在及び面積その他 必要な記載事項を帳簿に漏らさず記載し、必要に応じて紙面にその内容を表示できる状態で、 電子媒体により帳簿の保存を行っている。 エ Ａはアンケート調査を装ってその目的がマンションの売買の勧誘であることを告げずに個 人宅を訪問し、マンションの売買の勧誘をした。,一つ,二つ,三つ,四つ,2,公式解答: 3,https://www.retio.or.jp/wp-content/uploads/2025/03/R5_qestion_answer　.pdf
R5QESTIONANSWER_Q37,宅建業法,R5,2,次の記述のうち、宅地建物取引業法の規定によれば、正しいものはどれか。,宅地建物取引業者は、非常勤役員には従業者であることを証する証明書を携帯させる必要 はない。,宅地建物取引業者は、その事務所ごとに従業者名簿を備えなければならないが、取引の関 係者から閲覧の請求があった場合であっても、宅地建物取引業法第45 条に規定する秘密を 守る義務を理由に、閲覧を拒むことができる。,宅地建物取引業者の従業者は、宅地の買受けの申込みをした者から請求があった場合には、 その者が宅地建物取引業者であっても、その者に従業者であることを証する証明書を提示す る必要がある。,宅地建物取引業者は、従業者名簿を最終の記載をした日から5 年間保存しなければならな い。,2,公式解答: 3,https://www.retio.or.jp/wp-content/uploads/2025/03/R5_qestion_answer　.pdf
R5QESTIONANSWER_Q38,宅建業法,R5,2,次の記述のうち、宅地建物取引業法の規定によれば、正しいものはいくつあるか。 ア 宅地建物取引業者Ａが、自ら所有する複数の建物について、複数人に対し、反復継続して 賃貸する行為は、宅地建物取引業に該当しない。 イ 宅地建物取引士とは、宅地建物取引士資格試験に合格し、都道府県知事の登録を受けた者 をいう。 ウ 建設業者Ｂが、建築請負工事の受注を目的として、業として宅地の売買の媒介を行う行為 は、宅地建物取引業に該当しない。 エ 宅地建物取引士は、宅地又は建物の取引に係る事務に必要な知識及び能力の維持向上に努 めなければならない。,一つ,二つ,三つ,四つ,1,公式解答: 2,https://www.retio.or.jp/wp-content/uploads/2025/03/R5_qestion_answer　.pdf
R5QESTIONANSWER_Q39,宅建業法,R5,2,宅地建物取引業者Ａが、自ら売主として、宅地建物取引業者ではない個人Ｂとの 間で宅地の売買契約を締結する場合における手付金の保全措置に関する次の記述のうち、宅地 建物取引業法の規定によれば、正しいものはどれか。なお、当該契約に係る手付金は保全措置 が必要なものとする。,Ａは、Ｂから手付金を受領した後に、速やかに手付金の保全措置を講じなければならない。,Ａは、手付金の保全措置を保証保険契約を締結することにより講ずる場合、保険期間は保 証保険契約が成立した時から宅地建物取引業者が受領した手付金に係る宅地の引渡しまでの 期間とすればよい。,Ａは、手付金の保全措置を保証保険契約を締結することにより講ずる場合、保険事業者と の間において保証保険契約を締結すればよく、保険証券をＢに交付する必要はない。,Ａは、手付金の保全措置を保証委託契約を締結することにより講ずるときは、保証委託契 約に基づいて銀行等が手付金の返還債務を連帯して保証することを約する書面のＢへの交付 に代えて、Ｂの承諾を得ることなく電磁的方法により講ずることができる。,1,公式解答: 2,https://www.retio.or.jp/wp-content/uploads/2025/03/R5_qestion_answer　.pdf
R5QESTIONANSWER_Q40,宅建業法,R5,2,宅地建物取引業者Ａが、ＢからＢ所有の中古住宅の売却の依頼を受け、専任媒介 契約（専属専任媒介契約ではないものとする。）を締結した場合に関する次の記述のうち、宅 地建物取引業法（以下この問において「法」という。）の規定によれば、正しいものはどれか。,Ａは、当該中古住宅について購入の申込みがあったときは、遅滞なく、その旨をＢに報告 しなければならないが、Ｂの希望条件を満たさない申込みだとＡが判断した場合については 報告する必要はない。,Ａは、法第34 条の2 第1 項の規定に基づく書面の交付後、速やかに、Ｂに対し、法第34 条の2 第1 項第4 号に規定する建物状況調査を実施する者のあっせんの有無について確認し なければならない。,Ａは、当該中古住宅について法で規定されている事項を、契約締結の日から休業日数を含 め7 日以内に指定流通機構へ登録する義務がある。,Ａは、Ｂが他の宅地建物取引業者の媒介又は代理によって売買の契約を成立させたときの 措置を法第34 条の2 第1 項の規定に基づく書面に記載しなければならない。,3,公式解答: 4,https://www.retio.or.jp/wp-content/uploads/2025/03/R5_qestion_answer　.pdf
R5QESTIONANSWER_Q41,宅建業法,R5,2,次の記述のうち、宅地建物取引業法の規定によれば、正しいものはどれか。,甲県知事は、宅地建物取引士に対して必要な報告を求めることができるが、その対象は、 甲県知事登録の宅地建物取引士であって、適正な事務の遂行を確保するために必要な場合に 限られる。,宅地建物取引業者Ａ（甲県知事免許）で専任の宅地建物取引士として従事しているＢ（甲 県知事登録）が、勤務実態のない宅地建物取引業者Ｃ（乙県知事免許）において、自らが専 任の宅地建物取引士である旨の表示がされていることを許した場合には、乙県知事は、Ｂに 対し、必要な指示をすることができる。,宅地建物取引士が不正の手段により宅地建物取引士証の交付を受けた場合においては、そ の登録をしている都道府県知事は、情状が特に重いときは、当該宅地建物取引士の登録を消 除することができる。,都道府県知事は、宅地建物取引士に対して登録消除処分を行ったときは、適切な方法で公 告しなければならない。,1,公式解答: 2,https://www.retio.or.jp/wp-content/uploads/2025/03/R5_qestion_answer　.pdf
R5QESTIONANSWER_Q42,宅建業法,R5,2,宅地建物取引業法第35 条に規定する重要事項の説明に関する次の記述のうち、 誤っているものはいくつあるか。 ア 宅地建物取引士は、重要事項説明をする場合、取引の相手方から請求されなければ、宅地 建物取引士証を相手方に提示する必要はない。 イ 売主及び買主が宅地建物取引業者ではない場合、当該取引の媒介業者は、売主及び買主に 重要事項説明書を交付し、説明を行わなければならない。 ウ 宅地の売買について売主となる宅地建物取引業者は、買主が宅地建物取引業者である場合、 重要事項説明書を交付しなければならないが、説明を省略することはできる。 エ 宅地建物取引業者である売主は、宅地建物取引業者ではない買主に対して、重要事項とし て代金並びにその支払時期及び方法を説明しなければならない。,一つ,二つ,三つ,四つ,2,公式解答: 3,https://www.retio.or.jp/wp-content/uploads/2025/03/R5_qestion_answer　.pdf
R5QESTIONANSWER_Q43,宅建業法,R5,2,宅地建物取引業者Ａが媒介により宅地の売買契約を成立させた場合における宅地 建物取引業法第37 条の規定により交付すべき書面（以下この問において「37 条書面」とい う。）に関する次の記述のうち、正しいものはどれか。,Ａは、買主が宅地建物取引業者であるときは、37 条書面に移転登記の申請時期を記載し なくてもよい。,Ａは、37 条書面を売買契約成立前に、各当事者に交付しなければならない。,Ａは、37 条書面を作成したときは、専任の宅地建物取引士をして37 条書面に記名させる 必要がある。,Ａは、天災その他不可抗力による損害の負担に関する定めがあるときは、その内容を37 条書面に記載しなければならない。,3,公式解答: 4,https://www.retio.or.jp/wp-content/uploads/2025/03/R5_qestion_answer　.pdf
R5QESTIONANSWER_Q44,宅建業法,R5,2,宅地建物取引業保証協会（以下この問において「保証協会」という。）に関する 次の記述のうち、宅地建物取引業法の規定によれば、正しいものはどれか。,保証協会の社員は、自らが取り扱った宅地建物取引業に係る取引の相手方から当該取引に 関する苦情について解決の申出が保証協会にあり、保証協会から関係する資料の提出を求め られたときは、正当な理由がある場合でなければ、これを拒んではならない。,保証協会は、社員がその一部の事務所を廃止したことに伴って弁済業務保証金分担金を当 該社員に返還しようとするときは、弁済業務保証金の還付請求権者に対し、一定期間内に認 証を受けるため申し出るべき旨の公告を行わなければならない。,保証協会は、宅地建物取引業者の相手方から、社員である宅地建物取引業者の取り扱った 宅地建物取引業に係る取引に関する損害の還付請求を受けたときは、直ちに弁済業務保証金 から返還しなければならない。,保証協会は、手付金等保管事業について国土交通大臣の承認を受けた場合、社員が自ら売 主となって行う宅地又は建物の売買で、宅地の造成又は建築に関する工事の完了前における 買主からの手付金等の受領について、当該事業の対象とすることができる。,0,公式解答: 1,https://www.retio.or.jp/wp-content/uploads/2025/03/R5_qestion_answer　.pdf
R5QESTIONANSWER_Q45,宅建業法,R5,2,宅地建物取引業者Ａが、自ら売主として、宅地建物取引業者ではない買主Ｂに新 築住宅を販売する場合に関する次の記述のうち、特定住宅瑕疵担保責任の履行の確保等に関す る法律の規定によれば、正しいものはどれか。,Ａが信託会社又は金融機関の信託業務の兼営等に関する法律第1 条第1 項の認可を受けた 金融機関であって、宅地建物取引業を営むものである場合、住宅販売瑕 か 疵 し 担保保証金の供託 又は住宅販売瑕 か 疵 し 担保責任保険契約の締結を行う義務を負わない。,Ａは、住宅販売瑕 か 疵 し 担保保証金の供託をする場合、当該住宅の売買契約を締結するまでに、 Ｂに対し供託所の所在地等について、必ず書面を交付して説明しなければならず、買主の承 諾を得ても書面の交付に代えて電磁的方法により提供することはできない。,Ａは、住宅販売瑕 か 疵 し 担保保証金の供託をする場合、当該住宅の最寄りの供託所へ住宅販売 瑕 か 疵 し 担保保証金の供託をしなければならない。,ＡＢ間の売買契約において、当該住宅の構造耐力上主要な部分に瑕 か 疵 し があってもＡが瑕 か 疵 し 担保責任を負わない旨の特約があった場合においても、Ａは住宅販売瑕 か 疵 し 担保保証金の供託 又は住宅販売瑕 か 疵 し 担保責任保険契約の締結を行う義務を負う。,3,公式解答: 4,https://www.retio.or.jp/wp-content/uploads/2025/03/R5_qestion_answer　.pdf
R5QESTIONANSWER_Q46,税・その他,R5,2,独立行政法人住宅金融支援機構（以下この問において「機構」という。）に関す る次の記述のうち、誤っているものはどれか。,機構は、子どもを育成する家庭又は高齢者の家庭（単身の世帯を含む。）に適した良好な 居住性能及び居住環境を有する賃貸住宅の建設に必要な資金の貸付けを業務として行ってい る。,機構は、証券化支援事業（買取型）において、新築住宅に対する貸付債権のみを買取りの 対象としている。,機構は、証券化支援事業（買取型）において、ＺＥＨ（ネット・ゼロ・エネルギーハウ ス）及び省エネルギー性、耐震性、バリアフリー性、耐久性・可変性に優れた住宅を取得す る場合に、貸付金の利率を一定期間引き下げる制度を実施している。,機構は、マンション管理組合や区分所有者に対するマンション共用部分の改良に必要な資 金の貸付けを業務として行っている。,1,公式解答: 2,https://www.retio.or.jp/wp-content/uploads/2025/03/R5_qestion_answer　.pdf
R5QESTIONANSWER_Q47,税・その他,R5,2,宅地建物取引業者が行う広告に関する次の記述のうち、不当景品類及び不当表示 防止法（不動産の表示に関する公正競争規約を含む。）の規定によれば、正しいものはどれか。,実際には取引する意思がない物件であっても実在するものであれば、当該物件を広告に掲 載しても不当表示に問われることはない。,直線距離で50 m 以内に街道が存在する場合、物件名に当該街道の名称を用いることがで きる。,物件の近隣に所在するスーパーマーケットを表示する場合は、物件からの自転車による所 要時間を明示しておくことで、徒歩による所要時間を明示する必要がなくなる。,一棟リノベーションマンションについては、一般消費者に対し、初めて購入の申込みの勧 誘を行う場合であっても、「新発売」との表示を行うことはできない。,1,公式解答: 2,https://www.retio.or.jp/wp-content/uploads/2025/03/R5_qestion_answer　.pdf
R5QESTIONANSWER_Q48,税・その他,R5,2,次の記述のうち、誤っているものはどれか。,令和3 年度宅地建物取引業法の施行状況調査（令和4 年9 月公表）によれば、令和4 年3 月末における宅地建物取引業者の全事業者数は14 万業者を超え、8 年連続で増加した。,令和5 年地価公示（令和5 年3 月公表）によれば、令和4 年1 月以降の1 年間の地価につ いて、地方圏平均では、全用途平均、住宅地、商業地のいずれも2 年連続で上昇し、工業地 は6 年連続で上昇した。,建築着工統計調査報告（令和4 年計。令和5 年1 月公表）によれば、令和4 年の民間非居 住建築物の着工床面積は、前年と比較すると、工場及び倉庫は増加したが、事務所及び店舗 が減少したため、全体で減少となった。,年次別法人企業統計調査（令和3 年度。令和4 年9 月公表）によれば、令和3 年度におけ る不動産業の売上高営業利益率は11.1 ％と2 年連続で前年度と比べ上昇し、売上高経常利 益率も12.5 ％と2 年連続で前年度と比べ上昇した。,0,公式解答: 1,https://www.retio.or.jp/wp-content/uploads/2025/03/R5_qestion_answer　.pdf
R5QESTIONANSWER_Q49,税・その他,R5,2,土地に関する次の記述のうち、最も不適当なものはどれか。,自然堤防の後背湿地側の縁は、砂が緩く堆積していて、地下水位も浅いため、地震時に液 状化被害が生じやすい地盤である。,谷底低地に軟弱層が厚く堆積している所では、地震動が凝縮されて、震動が小さくなる。,1923 年の関東地震の際には、東京の谷底低地で多くの水道管や建物が被害を受けた。,大都市の近郊の丘陵地では、丘を削り谷部に盛土し造成宅地が造られたが、盛土造成に際 しては、地下水位を下げるため排水施設を設け、締め固める等の必要がある。,1,公式解答: 2,https://www.retio.or.jp/wp-content/uploads/2025/03/R5_qestion_answer　.pdf
R5QESTIONANSWER_Q50,税・その他,R5,2,建物の構造と材料に関する次の記述のうち、最も不適当なものはどれか。,鉄筋コンクリート構造は、地震や風の力を受けても、躯 く 体の変形は比較的小さく、耐火性 にも富んでいる。,鉄筋コンクリート構造は、躯 く 体の断面が大きく、材料の質量が大きいので、建物の自重が 大きくなる。,鉄筋コンクリート構造では、鉄筋とコンクリートを一体化するには、断面が円形の棒鋼で ある丸鋼の方が表面に突起をつけた棒鋼である異形棒鋼より、優れている。,鉄筋コンクリート構造は、コンクリートが固まって所定の強度が得られるまでに日数がか かり、現場での施工も多いので、工事期間が長くなる。 受 験 番 号 ― 受 験 者 氏 名 令和5 年度問題 問 １ 問 ２ 問 ３ 問 ４ 問 ５ 問 ６ 問 ７ 問 ８ 問 ９ 問１０ 問１１ 問１２ 問１３ 問１４ 問１５ 問１６ 問１７ 問１８ 問１９ 問２０ 問２１ 問２２ 問２３ 問２４ 問２５ 問２６ 問２７ 問２８ 問２９ 問３０ 問３１ 問３２ 問３３ 問３４ 問３５ 問３６ 問３７ 問３８ 問３９ 問４０ 問４１ 問４２ 問４３ 問４４ 問４５ 問４６ 問４７ 問４８ 問４９ 問５０ ◆試験問題の正解番号 ◆合否判定基準 令和５年度宅地建物取引士資格試験 ５０問中３６問以上正解 （登録講習修了者 ４５問中３１問以上正解）,2,公式解答: 3,https://www.retio.or.jp/wp-content/uploads/2025/03/R5_qestion_answer　.pdf
R6QUESTIONANSWER_Q01,権利関係,R6,2,法律行為に関する次の記述のうち、民法の規定によれば、正しいものはどれか。,営業を許された未成年者が、その営業に関する意思表示をした時に意思能力を有しなかっ た場合は、その法律行為は無効である。,公の秩序に反する法律行為であっても、当事者が納得して合意した場合には、その法律行 為は有効である。,詐欺による意思表示は取り消すことによって初めから無効であったとみなされるのに対し、 強迫による意思表示は取り消すまでもなく無効である。,他人が所有している土地を目的物にした売買契約は無効であるが、当該他人がその売買契 約を追認した場合にはその売買契約は有効となる。,0,公式解答: 1,https://www.retio.or.jp/wp-content/uploads/2025/03/R6_question_answer.pdf
R6QUESTIONANSWER_Q02,権利関係,R6,2,委任契約・準委任契約に関する次の記述のうち、民法の規定及び判例によれば、 誤っているものはどれか。,売主が、売買契約の付随義務として、買主に対して、マンション専有部分内の防火戸の操 作方法につき説明義務を負う場合、業務において密接な関係にある売主から委託を受け、売 主と一体となって当該マンションの販売に関する一切の事務を行っていた宅地建物取引業者 も、買主に対して、防火戸の操作方法について説明する信義則上の義務を負うことがある。,受任者は、委任者の許諾を得たとき、又はやむを得ない事由があるときでなければ、復受 任者を選任することができない。,委任契約で本人が死亡しても代理権が消滅しない旨を合意して代理人に代理権を与えた場 合、本人が死亡しても代理権は消滅しない。,委任は、当事者の一方が仕事を完成することを相手方に約し、相手方がその仕事の結果に 対しその報酬を支払うことを約さなければ、その効力を生じない。,3,公式解答: 4,https://www.retio.or.jp/wp-content/uploads/2025/03/R6_question_answer.pdf
R6QUESTIONANSWER_Q03,権利関係,R6,2,甲土地につき、Ａ、Ｂ、Ｃ、Ｄの4 人がそれぞれ4 分の1 の共有持分を有してい て、Ａ、Ｂ、ＣのいずれもＤの所在を知ることができない場合に関する次の記述のうち、民法 の規定及び判例によれば、正しいものはどれか。なお、Ｄの共有持分は、相続財産には属して いないものとする。,甲土地に、その形状又は効用の著しい変更を伴う変更を加える場合には、共有者の過半数 の同意が必要であり、本件ではＡ、Ｂ、Ｃ3 人の同意が必要となる。,甲土地の所有 権の登記名義人となっている者が所有者ではないＥである場合、持分に基づ いてＥに対して登記の抹消を求めるためには、所在が判明しているＡ、Ｂ、Ｃのうち2 人の 同意が必要である。,Ａ、Ｂ、Ｃ3 人の同意があれば、甲土地を資材置場として賃借したいＦとの間で期間を3 年とする賃貸借契約を締結することができる。,Ａが裁判所に請求して、裁判所がＤの持分をＡに取得させる旨の決定をした場合、Ｄは、 その決定から3 年以内に限り、Ａが取得したＤの共有持分の時価相当額をＡに対して支払う よう請求することができる。,2,公式解答: 3,https://www.retio.or.jp/wp-content/uploads/2025/03/R6_question_answer.pdf
R6QUESTIONANSWER_Q04,権利関係,R6,2,Ａを売主、Ｂを買主として甲土地の売買契約（以下この問において「本件契約」 という。）が締結された直後にＡが死亡し、ＣがＡを単独相続した場合における次の記述のう ち、民法の規定によれば、正しいものはどれか。,売買代金を受領したＣが甲土地の引渡しを拒絶する意思を明確に表示したとしても、Ｂは、 Ｃに対して相当の期間を定めた催告をしなければ、本件契約を解除することができない。,Ｂが期日までに売買代金を支払わない場合であっても、本件契約の解除権はＡの一身に専 属した権利であるため、Ｃは本件契約を解除することはできない。,Ｂは、売買代金が支払い済みだったとしても、甲土地の所有権登記を備えなければ、Ｃに 対して甲土地の引渡しを請求することはできない。,本件契約が、Ａの詐欺により締結されたものである場合、ＢはＣに対して、本件契約の取 消しを主張することができる。,3,公式解答: 4,https://www.retio.or.jp/wp-content/uploads/2025/03/R6_question_answer.pdf
R6QUESTIONANSWER_Q05,権利関係,R6,2,履行遅滞に関する次の記述のうち、民法の規定及び判例によれば、正しいものは どれか。,不法行為の加害者は、不法行為に基づく損害賠償債務について、履行の請求を受けた時か ら遅滞の責任を負う。,善意の受益者は、その不当利得返還債務について、履行の請求を受けた時から遅滞の責任 を負う。,請負人の報酬債権に対して、注文者がこれと同時履行の関係にある目的物の瑕 か 疵 し 修補に代 わる損害賠償債権を自働債権とする相殺の意思表示をした場合、注文者は、請負人に対する 相殺後の報酬残債務について、当該残債務の履行の請求を受けた時から遅滞の責任を負う。,債務の履行について不確定期限があるときは、債務者は、その期限の到来したことを知っ た後に履行の請求を受けた時から遅滞の責任を負う。,1,公式解答: 2,https://www.retio.or.jp/wp-content/uploads/2025/03/R6_question_answer.pdf
R6QUESTIONANSWER_Q06,権利関係,R6,2,Ａの所有する甲土地にＢを地上権者とする地上権（以下この問において「本件地 上権」という。）が設定され、その旨の登記がされた後に、甲土地にＣを抵当権者とする抵当 権が設定され、その旨の登記がされた場合における次の記述のうち、民法の規定によれば、正 しいものはいくつあるか。 ア ＢがＡとの売買契約に基づき、甲土地の所有権を取得したときは、本件地上権は消滅する。 イ Ａが死亡してＢがＡを単独相続し、甲土地の所有権を取得したときは、本件地上権は消滅 する。 ウ ＢがＡとの代物弁済契約に基づき、甲土地の所有権を取得したときは、本件地上権は消滅 する。 エ ＢがＡとの贈与契約に基づき、甲土地の所有権を取得したときは、本件地上権は消滅する。,一つ,二つ,三つ,なし,3,公式解答: 4,https://www.retio.or.jp/wp-content/uploads/2025/03/R6_question_answer.pdf
R6QUESTIONANSWER_Q07,権利関係,R6,2,Ａを貸主、Ｂを借主として甲建物の賃貸借契約（以下この問において「本件契 約」という。）が締結され、Ｂが甲建物の引渡しを受けた場合における次の記述のうち、民法 の規定及び判例によれば、正しいものはどれか。,ＣがＢに対し甲建物をＡから買受けたとの虚偽の話をしたので、これを信じたＢが甲建物 の占有を任意にＣに移転した場合、ＡはＣに対して、占有回収の訴えにより甲建物の返還を 請求することはできない。,Ｂが、Ａの甲建物への立ち入りを建物入り口を閉ざして拒んだときは、Ａは甲建物の間接 占有が侵奪されたものとして、Ｂに対して、占有回収の訴えにより甲建物の返還を請求する ことができる。,Ｂが死亡して、ＤがＢを単独相続した場合、Ｄは相続開始を知るまでは、Ｂによる甲建物 の占有を承継しない。,ＡとＢのいずれもが死亡した場合、本件契約は当然に終了する。,0,公式解答: 1,https://www.retio.or.jp/wp-content/uploads/2025/03/R6_question_answer.pdf
R6QUESTIONANSWER_Q08,権利関係,R6,2,次の記述のうち、民法の条文として規定されていないものはどれか。,隔地者間の契約は、承諾の通知を発した時に成立する。,無効な行為に基づく債務の履行として給付を受けた者は、相手方を原状に復させる義務を 負う。,代理人が自己又は第三者の利益を図る目的で代理権の範囲内の行為をした場合において、 相手方がその目的を知り、又は知ることができたときは、その行為は、代理権を有しない者 がした行為とみなす。,未成年者が法律行為をするには、その法定代理人の同意を得なければならない。ただし、 単に権利を得、又は義務を免れる法律行為については、この限りでない。,0,公式解答: 1,https://www.retio.or.jp/wp-content/uploads/2025/03/R6_question_answer.pdf
R6QUESTIONANSWER_Q09,権利関係,R6,2,承諾に関する次の記述のうち、民法の規定によれば、正しいものはどれか。,第三者が債務者との間で、債務者の債務につき免責的債務引受契約をする場合、債権者の 承諾は不要である。,第三者が債務者との間で、債務者の債務につき併存的債務引受契約をした場合、債権者が 第三者に承諾をした時点で、その効力が生ずる。,第三者が債権者との間で、債務者の債務につき併存的債務引受契約をした場合、債務者が 第三者に承諾をした時点で、その効力が生ずる。,賃借人が賃貸借契約の目的物を第三者に転貸する場合、賃貸人の承諾は不要である。,1,公式解答: 2,https://www.retio.or.jp/wp-content/uploads/2025/03/R6_question_answer.pdf
R6QUESTIONANSWER_Q10,権利関係,R6,2,売買契約の目的物が品質に関して契約の内容に適合しない場合において、当該契 約不適合が売主及び買主のいずれの責めにも帰することができない事由によるものであるとき、 履行の追完請求権、代金の減額請求権、損害賠償請求権及び契約の解除権のうち、民法の規定 によれば、買主が行使することができない権利のみを掲げたものとして正しいものは次の記述 のうちどれか。なお、上記帰責性以外の点について、権利の行使を妨げる事情はないものとす る。,履行の追完請求権、損害賠償請求権、契約の解除権,代金の減額請求権、損害賠償請求権、契約の解除権,履行の追完請求権、代金の減額請求権,損害賠償請求権,3,公式解答: 4,https://www.retio.or.jp/wp-content/uploads/2025/03/R6_question_answer.pdf
R6QUESTIONANSWER_Q11,権利関係,R6,2,建物の所有を目的とする土地の賃貸借契約（一時使用目的の借地契約を除く。） に関する次の記述のうち、借地借家法の規定によれば、正しいものはどれか。,専ら事業の用に供する建物（居住の用に供するものを除く。）の所有を目的とし、存続期 間を20 年として借地権を設定する場合、建物買取請求権の規定は適用されず、また、その 契約は、公正証書による等書面によってしなければならない。,居住の用に供する建物の所有を目的として借地権を設定する場合において、借地権を消滅 させる目的で、その設定後30 年を経過した日に借地権の目的である土地の上の建物を借地 権設定者に相当の対価で譲渡する旨の特約を定めても、この特約は無効である。,借地権を設定する場合において、存続期間を定めなかったときは、その期間は30 年とな る。,当事者が借地権の設定後に最初に借地契約を更新する場合において、存続期間を定めな かったときは、その期間は更新の日から10 年となる。,2,公式解答: 3,https://www.retio.or.jp/wp-content/uploads/2025/03/R6_question_answer.pdf
R6QUESTIONANSWER_Q12,権利関係,R6,2,賃貸人Ａと賃借人Ｂとが、居住目的で期間を3 年として、借地借家法第38 条の 定期建物賃貸借契約（以下この問において「契約①」という。）を締結した場合と、定期建物 賃貸借契約でも一時使用目的の賃貸借契約でもない普通建物賃貸借契約（以下この問において 「契約②」という。）を締結した場合とに関する次の記述のうち、借地借家法の規定によれば、 正しいものはどれか。,Ｂが建物の引渡しを受けた後にＡが建物をＣに売却して建物所有者がＣに変わった場合、 Ｂは、契約①の場合ではＣに対して賃借人であることを主張できるが、契約②の場合ではＣ に対して賃借人であることを主張できない。,契約期間中は賃料の改定を行わない旨の特約を契約において定めていても、契約期間中に 賃料が不相当になったと考えるに至ったＢは、契約①の場合も契約②の場合も、借地借家法 第32 条に基づく賃料減額請求をすることができる。,Ｂが契約期間中に相続人なしで死亡した場合において、婚姻はしていないが事実上夫婦と 同様の関係にあった同居者Ｄがあるときは、契約①の場合も契約②の場合も、Ａに反対の意 思表示をしないＤは、建物の賃貸借契約に関し、Ｂの権利義務を承継する。,契約①の場合、公正証書によって契約をするときに限り契約の更新がないことを有効に定 めることができ、契約②の場合、書面で契約し、かつ、Ａに正当な理由がない限り、Ａは契 約の更新を拒絶することができなくなる。,2,公式解答: 3,https://www.retio.or.jp/wp-content/uploads/2025/03/R6_question_answer.pdf
R6QUESTIONANSWER_Q13,権利関係,R6,2,建物の区分所有等に関する法律に関する次の記述のうち、誤っているものはどれ か。,各共有者の共用部分の持分は、規約に別段の定めがない限り、共有者数で等分することと されている。,規約及び集会の決議は、区分所有者の特定承継人に対しても、その効力を生ずる。,管理者は、集会において、毎年1 回一定の時期に、その事務に関する報告をしなければな らない。,集会の招集の通知は、区分所有者が管理者に対して通知を受けるべき場所を通知しなかっ たときは区分所有者の所有する専有部分が所在する場所にあててすれば足りる。この場合に は、集会の招集の通知は、通常それが到達すべき時に到達したものとみなされる。,0,公式解答: 1,https://www.retio.or.jp/wp-content/uploads/2025/03/R6_question_answer.pdf
R6QUESTIONANSWER_Q14,権利関係,R6,2,不動産の登記に関する次の記述のうち、不動産登記法の規定によれば、誤ってい るものはどれか。,買戻しの特約に関する登記がされている場合において、契約の日から10 年を経過したと きは、登記権利者は、単独で当該登記の抹消を申請することができる。,不動産の収用による所有権の移転の登記は、起業者が単独で申請することができる。,相続人ではない者に対する遺贈による所有権の移転の登記は、登記権利者が単独で申請す ることができる。,登記名義人の住所についての変更の登記は、登記名義人が単独で申請することができる。,2,公式解答: 3,https://www.retio.or.jp/wp-content/uploads/2025/03/R6_question_answer.pdf
R6QUESTIONANSWER_Q15,法令上の制限,R6,2,都市計画法に関する次の記述のうち、誤っているものはどれか。,都市計画区域外においても、特に必要があるときは、都市施設に関する都市計画を定める ことができる。,準都市計画区域については、用途地域が定められている土地の区域であっても、市街地開 発事業に関する都市計画を定めることができない。,用途地域の一つである準住居地域は、道路の沿道としての地域の特性にふさわしい業務の 利便の増進を図りつつ、これと調和した住居の環境を保護するために定める地域である。,地区計画は、用途地域が定められている土地の区域についてのみ都市計画に定められるも のであり、また、地区計画に関する都市計画を定めるに当たっては、地区整備計画を都市計 画に定めなければならない。,3,公式解答: 4,https://www.retio.or.jp/wp-content/uploads/2025/03/R6_question_answer.pdf
R6QUESTIONANSWER_Q16,法令上の制限,R6,2,都市計画法（以下この問において「法」という。）に関する次の記述のうち、正 しいものはどれか。ただし、この問において条例による特別の定めはないものとし、「都道府 県知事」とは、地方自治法に基づく指定都市、中核市及び施行時特例市にあってはその長をい うものとする。,"市街化区域内において行う、医療法に規定する病院を建築するための1,000 m2 の開発行 為については、法第29 条に基づく都道府県知事の許可を得る必要がある。","市街化区域内において行う、開発行為を伴わない建築物の建築で、当該建築物の床面積が 1,000 m2 以上のものについては、法第29 条に基づく都道府県知事の許可を得る必要がある。",市街化調整区域内において行う、都市計画事業の施行のための開発行為については、法第 29 条に基づく都道府県知事の許可を得る必要がある。,法第29 条に基づく許可を受けた者は、当該許可に係る土地についての一定の事項を開発 登録簿に登録しなければならない。,0,公式解答: 1,https://www.retio.or.jp/wp-content/uploads/2025/03/R6_question_answer.pdf
R6QUESTIONANSWER_Q17,法令上の制限,R6,2,建築基準法に関する次の記述のうち、誤っているものはどれか。なお、建築副主 事の確認にあっては、建築基準法に定める大規模建築物以外の建築物に限るものとする。,高さ25 m の建築物には、周囲の状況によって安全上支障がない場合を除き、有効に避雷 設備を設けなければならない。,特定行政庁は、建築基準法の規定に違反した建築物（国、都道府県又は建築主事を置く市 町村の建築物を除く。）の所有者に対して、緊急の必要があり、仮に当該建築物の使用禁止 又は使用制限の命令をする場合であっても、意見書の提出先等を記載した通知書の交付等の 手続をとらなければならない。,防火地域内に存在する共同住宅（その用途に供する部分の床面積の合計が300 m2）を増 築する場合、その増築に係る部分の床面積の合計が10 m2 以内であっても、建築主事、建築 副主事又は指定確認検査機関の確認を受ける必要がある。,劇場の用途に供する建築物を映画館（その用途に供する部分の床面積の合計が500 m2） に用途変更する場合、建築主事、建築副主事又は指定確認検査機関の確認を受ける必要はな い。,1,公式解答: 2,https://www.retio.or.jp/wp-content/uploads/2025/03/R6_question_answer.pdf
R6QUESTIONANSWER_Q18,法令上の制限,R6,2,次の記述のうち、建築基準法の規定によれば、正しいものはどれか。,客席部分の床面積の合計が300 m2 の映画館については、第二種住居地域内において建築 することはできないが、準住居地域内においては建築することができる。,特定用途誘導地区内において、都市計画で建築物の高さの最高限度が定められていたとし ても、特定行政庁が用途上又は構造上やむを得ないと認めて許可したものについては、当該 最高限度を超えてよい。,計画しようとする建築物の天空率が、道路斜線制限、隣地斜線制限又は北側斜線制限に適 合する建築物の天空率未満であれば、これらの制限は適用されない。,都市計画で建蔽率の限度が80 ％に指定されている区域かつ防火地域内にある耐火建築物 について、建蔽率の限度を超えるためには、特定行政庁による許可を得る必要がある。,1,公式解答: 2,https://www.retio.or.jp/wp-content/uploads/2025/03/R6_question_answer.pdf
R6QUESTIONANSWER_Q19,法令上の制限,R6,2,宅地造成及び特定盛土等規制法に関する次の記述のうち、誤っているものはどれ か。なお、この問において「都道府県知事」とは、地方自治法に基づく指定都市及び中核市に あってはその長をいうものとし、地方自治法に基づく施行時特例市に係る経過措置については 考慮しないものとする。,都道府県知事は、基礎調査のために他人の占有する土地に立ち入って測量又は調査を行う 必要があるときは、その必要の限度において、当該土地に、自ら立ち入り、又はその命じた 者若しくは委任した者に立ち入らせることができ、当該土地の占有者は、正当な理由がない 限り、その立入りを拒み、又は妨げてはならない。,都道府県知事は、宅地造成等工事規制区域内の土地について、宅地造成等に伴う災害を防 止するために必要があると認める場合には、その土地の所有者に対して、擁壁等の設置等の 措置をとることを勧告することができる。,工事主は、宅地造成等工事規制区域において行われる宅地造成等に関する工事について、 工事着手後2 週間以内に、宅地造成等に関する工事の施行に係る土地の周辺地域の住民に対 し、説明会の開催その他の当該宅地造成等に関する工事の内容を周知させるため必要な措置 を講じなければならない。,特定盛土等規制区域内において行われる特定盛土等又は土石の堆積に関する工事について は、工事主は、当該工事に着手する日の30 日前までに、主務省令で定めるところにより、 当該工事の計画を都道府県知事に届け出なければならない。ただし、特定盛土等又は土石の 堆積に伴う災害の発生のおそれがないと認められるものとして政令で定める工事については、 この限りでない。,2,公式解答: 3,https://www.retio.or.jp/wp-content/uploads/2025/03/R6_question_answer.pdf
R6QUESTIONANSWER_Q20,法令上の制限,R6,2,土地区画整理法に関する次の記述のうち、誤っているものはどれか。なお、この 問において、同法第136 条の3 による大都市等の特例及び条例で定める事務処理の特例は考慮 しないものとする。,仮換地が指定された場合においては、従前の宅地について権原に基づき使用し、又は収益 することができる者は、仮換地の指定の効力発生の日から換地処分の公告がある日まで、仮 換地又は仮換地について仮に使用し、若しくは収益することができる権利の目的となるべき 宅地若しくはその部分について、従前の宅地について有する権利の内容である使用又は収益 と同じ使用又は収益をすることができる。,市町村施行の土地区画整理事業において、市町村は、換地処分をした場合においては、そ の旨を公告しなければならない。,換地計画において定められた保留地は、換地処分の公告があった日の翌日において、施行 者が取得する。,施行者は、仮換地を指定した場合において、特別の事情があるときは、その仮換地につい て使用又は収益を開始することができる日を仮換地の指定の効力発生の日と別に定めること ができる。,1,公式解答: 2,https://www.retio.or.jp/wp-content/uploads/2025/03/R6_question_answer.pdf
R6QUESTIONANSWER_Q21,法令上の制限,R6,2,農地に関する次の記述のうち、農地法（以下この問において「法」という。）の 規定によれば、誤っているものはどれか。,法第3 条第1 項の許可があったときは所有権が移転する旨の停止条件付売買契約を原因と する所有権移転の仮登記の申請を行う場合にも、農業委員会の許可が必要である。,法第5 条第1 項の許可申請書の提出において、法ではその申請に係る権利の設定又は移転 に関し民事調停法により調停が成立した場合など一定の場合を除き、当事者は連署した申請 書を提出しなければならないとされている。,法では、農地の賃貸借で期間の定めがあるものについては、一定の場合を除き、期間満了 の1 年前から6 か月前までの間に更新拒絶の通知をしないと従前の賃貸借と同一の条件で更 に賃貸借したものとみなされる。,法では、農地の賃貸借の当事者は、当該賃貸借の合意による解約が民事調停法による農事 調停によって行われる場合など一定の場合を除き、知事の許可を受けなければ、当該賃貸借 について、解除、解約の申入れ、合意解約、更新拒絶の通知をしてはならないとされている。,0,公式解答: 1,https://www.retio.or.jp/wp-content/uploads/2025/03/R6_question_answer.pdf
R6QUESTIONANSWER_Q22,法令上の制限,R6,2,国土利用計画法（以下この問において「法」という。）第23 条の届出（以下この 問において「事後届出」という。）及び法第27 条の7 の監視区域内の届出（以下この問におい て「事前届出」という。）に関する次の記述のうち、正しいものはどれか。なお、この問にお いて「都道府県知事」とは、地方自治法に基づく指定都市にあってはその長をいうものとする。,"Ａが所有する市街化区域以外の都市計画区域内の4,000 m2 の土地について、宅地建物取 引業者Ｂが地上権の設定を受ける契約を締結した場合、Ｂは事後届出を行わなければならな い。","宅地建物取引業者Ｃが所有する市街化区域内の3,000 m2 の土地と宅地建物取引業者Ｄが 所有する都市計画区域外に所在する12,000 m2 の土地を金銭の授受を伴わずに交換する契約 を締結した場合、Ｃ及びＤはともに事後届出を行う必要はない。",事前届出又は事後届出が必要な土地について、売買契約を締結したにもかかわらず所定の 期間内に当該届出をしなかった者は都道府県知事からの勧告を受けることがあるが、罰則の 適用を受けることはない。,"監視区域に指定された市街化区域内に所在する土地2,500 m2 について売買契約を締結し ようとする当事者は、契約締結の少なくとも6 週間前までに事前届出を行わなければならな い。",3,公式解答: 4,https://www.retio.or.jp/wp-content/uploads/2025/03/R6_question_answer.pdf
R6QUESTIONANSWER_Q23,税・その他,R6,2,住宅借入金等を有する場合の所得税額の特別控除（以下この問において「住宅 ローン控除」という。）に関する次の記述のうち、正しいものはどれか。なお、以下の居住用 家屋は、令和5 年に建築基準法第6 条第1 項の確認（建築確認）を受けたものとする。,令和6 年中に居住用家屋を居住の用に供した場合において、その前年において居住用財産 を譲渡した場合の軽減税率の特例の適用を受けているときであっても、令和6 年分以後の所 得税について住宅ローン控除の適用を受けることができる。,令和6 年中に居住用家屋を居住の用に供した場合において、その前年において居住用財産 の買換え等の場合の譲渡損失の損益通算の適用を受けているときであっても、令和6 年分以 後の所得税について住宅ローン控除の適用を受けることができる。,令和5 年中に居住用家屋の敷地の用に供するための土地を取得した場合において、令和6 年中に居住用家屋を新築して居住の用に供したときは、令和5 年分の所得税について住宅 ローン控除の適用を受けることができる。,令和6 年中に居住用家屋を居住の用に供した場合において、その居住用家屋の取得に係る 住宅借入金等の償還期間等が契約において3 年とされているときは、令和6 年以後3 年間の 所得税について住宅ローン控除の適用を受けることができる。,1,公式解答: 2,https://www.retio.or.jp/wp-content/uploads/2025/03/R6_question_answer.pdf
R6QUESTIONANSWER_Q24,税・その他,R6,2,不動産取得税に関する次の記述のうち、正しいものはどれか。,不動産取得税の課税標準は、不動産を取得した時における当該不動産の売買価格であるか ら、固定資産税の課税標準である固定資産の評価額とは異なるものである。,不動産取得税の課税標準となるべき額が、土地の取得にあっては10 万円、家屋の取得の うち建築に係るものにあっては1 戸につき23 万円、その他のものにあっては1 戸につき12 万円に満たない場合においては、不動産取得税が課されない。,不動産取得税は、不動産の取得に対して課される税であるので、法人の合併により不動産 を取得した場合においても、不動産取得税が課される。,令和6 年4 月に個人が取得した住宅及び住宅用地に係る不動産取得税の税率は3 ％であ るが、住宅以外の家屋及び土地に係る不動産取得税の税率は4 ％である。,1,公式解答: 2,https://www.retio.or.jp/wp-content/uploads/2025/03/R6_question_answer.pdf
R6QUESTIONANSWER_Q25,税・その他,R6,2,不動産の鑑定評価に関する次の記述のうち、不動産鑑定評価基準によれば、誤っ ているものはどれか。,同一需給圏とは、一般に対象不動産と代替関係が成立して、その価格の形成について相互 に影響を及ぼすような関係にある他の不動産の存する圏域をいう。,対象不動産について、依頼目的に応じ対象不動産に係る価格形成要因のうち地域要因又は 個別的要因について想定上の条件を設定する場合がある。,不動産の価格は、その不動産の効用が最高度に発揮される可能性に最も富む使用を前提と して把握される価格を標準として形成されるが、これを適合の原則という。,収益還元法は、対象不動産が将来生み出すであろうと期待される純収益の現在価値の総和 を求めることにより対象不動産の試算価格を求める手法であり、賃貸用不動産又は賃貸以外 の事業の用に供する不動産の価格を求める場合に特に有効である。,2,公式解答: 3,https://www.retio.or.jp/wp-content/uploads/2025/03/R6_question_answer.pdf
R6QUESTIONANSWER_Q26,宅建業法,R6,2,宅地建物取引業法第35 条に規定する重要事項の説明に関する次の記述のうち、 正しいものはいくつあるか。なお、説明の相手方は宅地建物取引業者ではないものとする。 ア ガス配管設備等に関して、住宅の売買後においても宅地内のガスの配管設備等の所有権が 家庭用プロパンガス販売会社にあるものとする場合には、その旨を説明しなければならない。 イ 重要事項の説明を行う宅地建物取引士は専任の宅地建物取引士でなくてもよいが、書面に 記名する宅地建物取引士は専任の宅地建物取引士でなければならない。 ウ 区分所有建物である事務所ビルの一室の売買の媒介を行う場合、当該1 棟の建物及びその 敷地の管理が委託されているときは、その委託を受けている者の氏名（法人にあっては、そ の商号又は名称）及び住所（法人にあっては、その主たる事務所の所在地）を説明しなけれ ばならない。 エ 区分所有建物である中古マンションの一室の売買の媒介を行う場合、当該1 棟の建物の計 画的な維持修繕のための費用の積立てを行う旨の規約の定めがあるときは、その内容及び既 に積み立てられている額について説明しなければならない。,一つ,二つ,三つ,四つ,2,公式解答: 3,https://www.retio.or.jp/wp-content/uploads/2025/03/R6_question_answer.pdf
R6QUESTIONANSWER_Q27,宅建業法,R6,2,宅地建物取引業者Ａに関する次の記述のうち、正しいものはどれか。なお、Ａは 宅地建物取引業保証協会の社員ではないものとする。,Ａが主たる事務所を移転したことにより、その最寄りの供託所が変更した場合において、 金銭のみをもって営業保証金を供託しているときは、遅滞なく営業保証金を移転後の主たる 事務所の最寄りの供託所に新たに供託しなければならない。,Ａの従業員が運転する車両で現地案内を受けた者が、Ａの従業員の過失による交通事故で ケガをした場合に取得する損害賠償請求権は、Ａが供託した営業保証金の還付の対象債権と なる。,Ａは、金銭と有価証券を併用して供託することができ、有価証券のみで供託する場合の当 該有価証券の価額は、国債証券の場合はその額面金額の100 分の90、地方債証券の場合は その額面金額の100 分の80 である。,Ａは甲県内にある主たる事務所とは別に、乙県内に新たに従たる事務所を設置したときは、 営業保証金を主たる事務所の最寄りの供託所に供託しなければならない。,3,公式解答: 4,https://www.retio.or.jp/wp-content/uploads/2025/03/R6_question_answer.pdf
R6QUESTIONANSWER_Q28,宅建業法,R6,2,"宅地建物取引業者Ａ（消費税課税事業者）及び宅地建物取引業者Ｂ（消費税免税 事業者）が受領した報酬に関するアからウの記述のうち、宅地建物取引業法の規定に違反しな いものの組合せは1 から4 のうちどれか。なお、代理、媒介に当たり、広告の依頼は行われて いないものとする。 ア 居住用建物（1 か月の借賃12 万円。消費税等相当額を含まない。）について、Ａは貸主か ら代理を依頼され、Ｂは借主から媒介を依頼され、Ａは貸主から6.7 万円、Ｂは借主から 6.5 万円を報酬として受領した。なお、Ｂは、媒介の依頼を受けるに当たって、報酬につい て借主から特段の承諾を得ていない。 イ Ｂは、事業用建物について、貸主と借主双方から媒介を依頼され、借賃1 か月分10 万円 （消費税等相当額を含まない。）、権利金90 万円（権利設定の対価として支払われる金銭で あって返還されないもので、消費税等相当額を含まない。）の賃貸借契約を成立させ、貸主 と借主からそれぞれ5 万円を報酬として受領した。 ウ Ａは、土地付建物について、売主と買主双方から媒介を依頼され、代金3,500 万円（消費 税等相当額を含み、土地代金は2,400 万円である。）の売買契約を成立させ、売主と買主か らそれぞれ110 万円を報酬として受領したほか、売主の特別の依頼に基づき行った遠隔地へ の現地調査に要した実費の費用について、売主が事前に負担を承諾していたので、売主から 9 万円を受領した。",ア、イ,イ、ウ,ア、ウ,ア、イ、ウ,1,公式解答: 2,https://www.retio.or.jp/wp-content/uploads/2025/03/R6_question_answer.pdf
R6QUESTIONANSWER_Q29,宅建業法,R6,2,宅地建物取引士に関する次の記述のうち、宅地建物取引業法（以下この問におい て「法」という。）の規定によれば、正しいものはどれか。,宅地建物取引士資格試験に合格した者は、宅地又は建物の取引に関する実務の経験期間が,年に満たない場合であっても、試験に合格した日から1 年以内に登録を受けようとすると きには、都道府県知事が指定する講習を受講することにより、宅地建物取引士の登録を受け ることができる。,宅地建物取引士証は、更新を受けることなくその有効期間が経過した場合、その効力を失 うが、当該宅地建物取引士証を都道府県知事に返納する必要はない。,宅地建物取引士は、他人に自己の名義の使用を許し、当該他人がその名義で宅地建物取引 士である旨の表示をしたときは、法第68 条の規定に基づく処分の対象となるが、当該他人 が宅地建物取引士の登録を受けた者であるときはこの限りでない。 4 宅地建物取引業者は、その事務所唯一の専任の宅地建物取引士が宅地建物取引士証の有効 期間の経過により効力を失い宅地建物取引士でなくなったときは、2 週間以内に法第31 条 の3 第1 項の規定に適合させるため必要な措置を執らなければならない。,3,公式解答: 4,https://www.retio.or.jp/wp-content/uploads/2025/03/R6_question_answer.pdf
R6QUESTIONANSWER_Q30,宅建業法,R6,2,宅地建物取引業者Ａが、自ら売主として、宅地建物取引業者ではない個人Ｂとの 間で宅地の売買契約を締結し、手付金を支払ったＢが、宅地建物取引業法第37 条の2 の規定 に基づくいわゆるクーリング・オフにより、当該売買契約を契約締結の日の翌日に解除しよう としている。この場合に関する次の記述のうち、誤っているものはどれか。,Ａがクーリング・オフについて告げるときに交付すべき書面には、Ａの商号又は名称及び 住所並びに免許証番号の記載は必要であるが、Ａの宅地建物取引士の記名は必要ない。,Ｂが、自らの申出により、Ｂの勤務する会社の事務所において、宅地の買受けの申込み及 びＡとの売買契約の締結をした場合、Ｂは、クーリング・オフによる当該売買契約の解除を 行うことができない。,Ｂが、自らの申出により、喫茶店において、宅地の買受けの申込み及びＡとの売買契約の 締結をした場合、Ｂは、クーリング・オフによる当該売買契約の解除を行うことができる。,Ｂは、自らの申出により、Ｂが融資を受ける銀行（宅地建物取引業者ではない。）におい て、宅地の買受けの申込み及びＡとの売買契約の締結をした場合、クーリング・オフによる 当該売買契約の解除を行うことができない。,3,公式解答: 4,https://www.retio.or.jp/wp-content/uploads/2025/03/R6_question_answer.pdf
R6QUESTIONANSWER_Q31,宅建業法,R6,2,次の記述のうち、宅地建物取引業法（以下この問において「法」という。）の規 定によれば、正しいものはどれか。,国土交通大臣又は都道府県知事は、その免許を受けた宅地建物取引業者が法第65 条第1 項の規定による指示に従わない場合、その業務の全部又は一部の停止を命ずることができ、 業務の停止の処分に違反した場合、免許を取り消さなければならない。,国土交通大臣又は都道府県知事は、その免許を受けた宅地建物取引業者の事務所の所在地 を確知できないときは、その事実を公告し、その公告の日から2 週間を経過しても当該宅地 建物取引業者から申出がないときは、免許を取り消すことができる。,国土交通大臣又は都道府県知事は、法第66 条の規定による免許の取消しの処分をしよう とするときは、聴聞を行わなければならないが、当該聴聞は、公開することが相当と認めら れる場合を除き、公開されない。,国土交通大臣又は都道府県知事は、法第66 条の規定による免許の取消しの処分をしたと きはその旨を公告しなければならないが、法第65 条第2 項の規定による業務の停止の処分 をしたときはその旨の公告はしなくともよい。,0,公式解答: 1,https://www.retio.or.jp/wp-content/uploads/2025/03/R6_question_answer.pdf
R6QUESTIONANSWER_Q32,宅建業法,R6,2,宅地建物取引業者Ａが、ＢからＢ所有の中古住宅の売却の依頼を受け、Ｂと専任 媒介契約（専属専任媒介契約ではないものとする。）を締結した。この場合における次の記述 のうち、宅地建物取引業法（以下この問において「法」という。）の規定によれば、正しいも のはどれか。,Ａは当該中古住宅の売買契約が成立しても、当該中古住宅の引渡しが完了していなければ、 売買契約が成立した旨を指定流通機構に通知する必要はない。,Ｂが宅地建物取引業者である場合は、当該契約が国土交通大臣が定める標準媒介契約約款 に基づくものであるか否かの別を、法第34 条の2 第1 項に規定する書面に記載する必要は ない。,Ａに対して当該中古住宅について買受けの申込みがなかった場合でも、ＡはＢに対して、 当該契約に係る業務の処理状況を2 週間に1 回以上報告しなければならないが、その報告は 必ずしも書面で行う必要はない。,Ｂが当該中古住宅について、法第34 条の2 第1 項第4 号に規定する建物状況調査を実施 する者のあっせんを希望しなかった場合は、Ａは同項に規定する書面に同調査を実施する者 のあっせんに関する事項を記載する必要はない。,2,公式解答: 3,https://www.retio.or.jp/wp-content/uploads/2025/03/R6_question_answer.pdf
R6QUESTIONANSWER_Q33,宅建業法,R6,2,宅地建物取引業者がその業務に関して行う広告に関する次の記述のうち、宅地建 物取引業法（以下この問において「法」という。）の規定によれば、誤っているものはどれか。,宅地の販売に関する広告をインターネットで行った場合において、当該宅地の売買契約が 成立した後も継続して広告を掲載していた場合、当該広告を掲載し続けることは法第32 条 の規定に違反する。,建物の所有者と賃貸借契約を締結し、当該建物を自らが貸主となって貸借（転貸）するた めの広告をする場合においては、自らが契約の当事者となって貸借を成立させる旨を当該広 告に明示しなくても、法第34 条の規定に違反しない。,造成工事に必要とされる法令に基づく許可等の処分があった宅地について、工事完了前に 当該宅地の販売に関する広告をするときは、法令に基づく許可等の処分があったことを明示 すれば、取引態様の別について明示する必要はない。,複数の区画がある分譲地の売買について、数回に分けて広告をする場合は、最初に行う広 告だけではなく、次回以降の広告の都度取引態様の別を明示しなければならない。,2,公式解答: 3,https://www.retio.or.jp/wp-content/uploads/2025/03/R6_question_answer.pdf
R6QUESTIONANSWER_Q34,宅建業法,R6,2,"宅地建物取引業者Ａが、自ら売主として、宅地建物取引業者ではない個人Ｂとの 間で、土地付建物を4,000 万円で売却する売買契約（所有権の登記は当該土地付建物の引渡し 時に行うものとする。）を締結する場合における宅地建物取引業法（以下この問において 「法」という。）第41 条又は第41 条の2 の規定に基づく手付金等の保全措置（以下この問にお いて「保全措置」という。）に関する次の記述のうち、誤っているものはどれか。",Ａが、保全措置を講じずにＢから手付金100 万円を受領する場合、その旨を、法第35 条 の規定に基づく重要事項説明書に記載する必要があるが、法第37 条の規定により交付する 書面に記載する必要はない。,当該建物が建築工事の完了後の建物である場合、ＡがＢから手付金100 万円を受領する際 には保全措置は不要であるが、その後、当該土地付建物を引き渡す前に中間金400 万円を受 領するためには、手付金100 万円と合わせて保全措置を講じた後でなければ、その中間金を 受領することができない。,当該建物が建築工事の完了前の建物である場合において、Ａは、保全措置を講じずに、Ｂ から手付金300 万円を受領することができる。,"当該土地付建物の引渡し前に、ＢはＡに対して2,000 万円を中間金として支払う契約に なっていたが、Ａがその中間金について保全措置を講じていないときは、Ｂはこの中間金の 支払いを拒むことができる。",2,公式解答: 3,https://www.retio.or.jp/wp-content/uploads/2025/03/R6_question_answer.pdf
R6QUESTIONANSWER_Q35,宅建業法,R6,2,宅地建物取引業者Ａが宅地建物取引業法第37 条の規定により交付すべき書面 （以下この問において「37 条書面」という。）に記載すべき事項を電磁的方法により提供する こと（以下この問において「37 条書面の電磁的方法による提供」という。）に関する次の記述 のうち、正しいものはどれか。,Ａが自ら売主として締結する宅地の売買契約において、37 条書面の電磁的方法による提 供を行う場合、当該契約の相手方に対し、あらかじめ、電磁的方法による提供に用いる電磁 的方法の種類及び内容を宅地建物取引士に説明させなければならない。,Ａが媒介業者として関与する建物賃貸借契約において、37 条書面の電磁的方法による提 供を行う場合、その方法は37 条書面の交付に係る宅地建物取引士が明示されるものでなけ ればならない。,Ａが自ら売主として締結する宅地の売買契約において、契約の相手方から37 条書面の電 磁的方法による提供を行うことについて書面により承諾を得た場合は、その後に当該契約の 相手方から書面で電磁的方法による提供を受けない旨の申出があったときでも、37 条書面 の電磁的方法による提供をすることができる。,Ａが媒介業者として関与する宅地の売買契約において、37 条書面の電磁的方法による提 供を行う場合であっても、提供後速やかに37 条書面を交付しなければならない。,1,公式解答: 2,https://www.retio.or.jp/wp-content/uploads/2025/03/R6_question_answer.pdf
R6QUESTIONANSWER_Q36,宅建業法,R6,2,営業保証金及び宅地建物取引業保証協会（以下この問において「保証協会」とい う。）に関する次の記述のうち、宅地建物取引業法の規定によれば、誤っているものはどれか。,宅地建物取引業者で保証協会に加入しようとする者は、その加入しようとする日までに、 政令で定める額の弁済業務保証金分担金を当該保証協会に納付しなければならない。,保証協会の社員と宅地建物取引業に関し取引をした者（宅地建物取引業者に該当する者を 除く。）は、その取引により生じた債権に関し、当該社員が社員ではないとしたならばその 者が供託すべき営業保証金の額に相当する額の範囲内で弁済を受ける権利を有する。,宅地建物取引業者は、保証協会の社員の地位を失ったときは、保証協会が弁済業務保証金 の還付請求権者に対し、一定期間内に宅地建物取引業法第64 条の8 第2 項の規定による認 証を受けるため申し出るべき旨の公告をした後でなければ、弁済業務保証金分担金の返還を 受けることができない。,宅地建物取引業者は、一部の事務所を廃止し営業保証金を取り戻そうとする場合には、供 託した営業保証金につき還付を請求する権利を有する者に対し、公告をすることなく営業保 証金を取り戻すことができる。,3,公式解答: 4,https://www.retio.or.jp/wp-content/uploads/2025/03/R6_question_answer.pdf
R6QUESTIONANSWER_Q37,宅建業法,R6,2,宅地建物取引業者が行う宅地建物取引業法第35 条に規定する重要事項説明に関 する次の記述のうち、正しいものはいくつあるか。なお、説明の相手方は宅地建物取引業者で はないものとする。 ア 建物の貸借の媒介を行う場合、水防法施行規則第11 条第1 号の規定により市町村の長が 提供する水害ハザードマップに当該建物の位置が含まれているときは、その所在地を示して 説明しなければならない。 イ 既存住宅の売買を行う場合、宅地建物取引業法第34 条の2 第1 項第4 号に規定する建物 状況調査の実施後、1 年を経過していないものについては、建物状況調査の実施の有無、実 施している場合の結果の概要について説明しなければならない。 ウ 宅地の売買を行う場合、宅地の造成に関する工事の完了前のものであるときは、完了時に おける当該宅地に接する道路の構造及び幅員を説明しなければならない。 エ 建物の貸借の媒介を行う場合、私道に関する負担の有無や内容を事前に調査し、説明しな ければならない。,一つ,二つ,三つ,四つ,2,公式解答: 3,https://www.retio.or.jp/wp-content/uploads/2025/03/R6_question_answer.pdf
R6QUESTIONANSWER_Q38,宅建業法,R6,2,宅地建物取引業の免許（以下この問において「免許」という。）に関する次の記 述のうち、宅地建物取引業法の規定によれば、正しいものはどれか。,宅地建物取引業者Ａが、免許の更新の申請をした場合において、従前の免許の有効期間の 満了の日までに、その申請について処分がなされないときは、従前の免許は、有効期間の満 了後その効力を失う。,宅地建物取引業者Ｂが宅地建物取引業者Ｃに自己の名義をもって宅地建物取引業を営ませ る行為は、Ｂが名義の使用を書面で指示している場合であれば、宅地建物取引業法に違反し ない。,宅地建物取引業者Ｄ（甲県知事免許）は、国土交通大臣に免許換えの申請をし、その免許 を受けなければ、乙県所在の宅地の売買の媒介をすることはできない。,宅地建物取引業者Ｅ（丙県知事免許）の免許の更新に当たって、丙県知事は宅地建物取引 業法第3 条の2 に基づき条件を付すことができ、Ｅが免許の更新に当たって付された条件に 違反したときは、丙県知事はＥの免許を取り消すことができる。,3,公式解答: 4,https://www.retio.or.jp/wp-content/uploads/2025/03/R6_question_answer.pdf
R6QUESTIONANSWER_Q39,宅建業法,R6,2,宅地建物取引業法第50 条第2 項の届出をすべき場所に関する次の記述のうち、 誤っているものはどれか。なお、これらの場所では、宅地若しくは建物の売買若しくは交換の 契約（予約を含む。）若しくは宅地若しくは建物の売買、交換若しくは貸借の代理若しくは媒 介の契約を締結し、又はこれらの契約の申込みを受けるものとする。,届出をすべき場所として、継続的に業務を行うことができる施設を有する場合で事務所以 外のものが定められているが、当該場所には1 名以上の成年者である専任の宅地建物取引士 を置かなければならない。,届出をすべき場所として、宅地建物取引業者が10 区画以上の一団の宅地又は10 戸以上の 一団の建物の分譲（以下この問において「一団の宅地建物の分譲」という。）をする場合に 設置する案内所が定められているが、当該案内所が土地に定着する建物内に設けられる場合、 クーリング・オフ制度の適用が除外される。,届出をすべき場所として、他の宅地建物取引業者が行う一団の宅地建物の分譲の代理又は 媒介をする場合に設置する案内所が定められており、この場合は、代理又は媒介を行う宅地 建物取引業者が届出をするが、売主業者自身も当該案内所で売買契約の申込みを受ける場合 は、売主業者も届出をする。,届出をすべき場所として、宅地建物取引業者が業務に関し展示会その他これに類する催し を実施する場所が定められているが、その催しを開始する10 日前までに、実施場所を管轄 する都道府県知事に届け出なければならず、免許を受けた国土交通大臣又は都道府県知事に 届け出る必要はない。,3,公式解答: 4,https://www.retio.or.jp/wp-content/uploads/2025/03/R6_question_answer.pdf
R6QUESTIONANSWER_Q40,宅建業法,R6,2,宅地建物取引業者が媒介により既存建物の貸借の契約を成立させた場合、宅地建 物取引業法第37 条の規定により当該貸借の契約当事者に対して交付すべき書面に必ず記載し なければならない事項の組合せとして正しいものは次の1 から4 のうちどれか。 ア 当該建物に係る租税その他の公課の負担 イ 敷金や共益費など借賃以外の金銭の授受に関する定めがあるときは、その額並びに当該金 銭の授受の時期及び目的 ウ 損害賠償額の予定又は違約金に関する定めがあるときは、その内容 エ 建物の構造耐力上主要な部分又は雨水の侵入を防止する部分として国土交通省令で定める ものの状況,ア、イ,イ、ウ,ウ、エ,ア、エ,1,公式解答: 2,https://www.retio.or.jp/wp-content/uploads/2025/03/R6_question_answer.pdf
R6QUESTIONANSWER_Q41,宅建業法,R6,2,宅地建物取引業者が行う宅地建物取引業法第35 条に規定する重要事項の説明に 関する次の記述のうち、正しいものはいくつあるか。なお、説明の相手方は宅地建物取引業者 ではないものとする。 ア 中古マンションの一室の売買の媒介を行う場合、抵当権が設定されていても、契約日まで にその登記が抹消される予定であるときは、当該抵当権の内容について説明しなくてもよい。 イ 宅地の貸借の媒介を行う場合、借地権の存続期間を50 年とする賃貸借契約において、当 該契約終了時における当該宅地の上の建物の取壊しに関する事項を定めようとするときは、 その内容を説明しなければならない。 ウ 建物の貸借の媒介を行う場合、当該建物が住宅の品質確保の促進等に関する法律第5 条第,項に規定する住宅性能評価を受けた新築住宅であるときは、その旨を説明しなければなら ない。 エ 宅地の売買の媒介を行う場合、当該宅地が急傾斜地の崩壊による災害の防止に関する法律 第3 条の規定に基づく急傾斜地崩壊危険区域内にあることは説明しなければならないが、当 該区域内における行為の制限の概要については説明しなくてもよい。,一つ,二つ,三つ 4 なし,0,公式解答: 1,https://www.retio.or.jp/wp-content/uploads/2025/03/R6_question_answer.pdf
R6QUESTIONANSWER_Q42,宅建業法,R6,2,次の記述のうち、宅地建物取引業法の規定及び「宅地建物取引業者による人の死 の告知に関するガイドライン」によれば、誤っているものはどれか。,宅地建物取引業者は、宅地建物取引業に係る契約の締結の勧誘をするに際し、宅地建物取 引業者の相手方等に対し、利益を生ずることが確実であると誤解させるべき断定的判断を提 供する行為をしてはならない。,宅地建物取引業者は、宅地又は建物の売買の契約の締結の勧誘をするに際し、宅地建物取 引業者の相手方等に対し、宅地又は建物の引渡しの時期について故意に不実のことを告げた 場合であっても、契約が成立したときに宅地建物取引業法第37 条の規定により交付すべき 書面に当該事項を正確に記載すればよい。,「宅地建物取引業者による人の死の告知に関するガイドライン」によれば、売買取引の対 象となる居住用不動産において、自然死や日常生活の中での不慮の死が発生した場合であっ ても、過去に人が死亡し、長期間にわたって人知れず放置されたこと等に伴ういわゆる特殊 清掃や大規模リフォーム等が行われていなければ、宅地建物取引業者は、原則として、買主 に対してこれを告げなくてもよい。,「宅地建物取引業者による人の死の告知に関するガイドライン」によれば、賃貸借取引の 対象となる居住用不動産において、自然死や日常生活の中での不慮の死以外の死が発生した 場合であっても、特段の事情がない限り、当該死が発覚してから概ね3 年間を経過した後は、 宅地建物取引業者は、原則として、借主に対してこれを告げなくてもよい。,1,公式解答: 2,https://www.retio.or.jp/wp-content/uploads/2025/03/R6_question_answer.pdf
R6QUESTIONANSWER_Q43,宅建業法,R6,2,宅地建物取引士の登録及び宅地建物取引士証に関する次の記述のうち、誤ってい るものはどれか。,宅地建物取引士の登録を受けている者は、宅地建物取引士証の交付を受けていない場合で も、その住所に変更があれば、登録を受けている都道府県知事に変更の登録を申請しなけれ ばならない。,宅地建物取引士は、宅地建物取引士の信用又は品位を害するような行為をしてはならず、 この行為には宅地建物取引士としての職務に必ずしも直接関係しない行為や私的な行為も含 まれる。,宅地建物取引士は、取引の関係者から請求があったときは、宅地建物取引士証を提示しな ければならないが、その際、個人情報保護の観点から宅地建物取引士証の住所欄にシールを 貼った上で提示することが認められている。,宅地建物取引士証に記載される宅地建物取引士の氏名については現姓を用いなければなら ず、旧姓を併記することは認められていない。,3,公式解答: 4,https://www.retio.or.jp/wp-content/uploads/2025/03/R6_question_answer.pdf
R6QUESTIONANSWER_Q44,宅建業法,R6,2,宅地建物取引業者Ａが宅地建物取引業法第37 条の規定により交付すべき書面 （以下この問において「37 条書面」という。）に関する次の記述のうち、宅地建物取引業法の 規定に違反しないものはどれか。,Ａは、建築工事完了前の建物の売買契約を媒介したときに、37 条書面に記載する当該建 物を特定するために必要な表示について、宅地建物取引業法第35 条の規定に基づく重要事 項の説明において使用した図書を交付することによって行った。,Ａは、貸主Ｂと借主Ｃとの間で締結された建物の賃貸借契約を媒介したときに、借賃の額、 支払時期及び支払方法について定められていたが、ＢとＣの承諾を得たので、37 条書面に 記載しなかった。,Ａは、宅地建物取引業者Ｄと宅地建物取引業者Ｅとの間で締結された宅地の売買契約を媒 介したときに、37 条書面に当該宅地の引渡しの時期を記載しなかった。,Ａが建物の売買契約を買主として締結した場合に、売主Ｆに承諾を得たので、37 条書面 をＦに交付しなかった。,0,公式解答: 1,https://www.retio.or.jp/wp-content/uploads/2025/03/R6_question_answer.pdf
R6QUESTIONANSWER_Q45,宅建業法,R6,2,特定住宅瑕疵担保責任の履行の確保等に関する法律に基づく住宅販売瑕 か 疵 し 担保保 証金（以下この問において「保証金」という。）の供託又は住宅販売瑕 か 疵 し 担保責任保険契約 （以下この問において「保険契約」という。）の締結に関する次の記述のうち、正しいものはど れか。,自ら売主として宅地建物取引業者ではない買主に引き渡した新築住宅の戸数が、基準日前 10 年間に10 戸あるが、当該基準日前1 年間は0 戸である場合、当該売主である宅地建物取 引業者は、当該基準日に係る保証金の供託又は保険契約の締結の状況について届出を行う必 要はない。,自ら売主として新築住宅を宅地建物取引業者ではない買主に引き渡した宅地建物取引業者 は、基準日に係る保証金の供託及び保険契約の締結の状況について届出をしなければ、当該 基準日の翌日から起算して50 日を経過した日以後においては、新たに自ら売主となる新築 住宅の売買契約を締結してはならない。,保険契約は、新築住宅の引渡し時から有効でなければならないが、買主が当該住宅の引渡 し時から10 年以内に当該住宅を転売した場合、当該保険契約は解除される。,自ら売主として宅地建物取引業者ではない買主に新築住宅を引き渡した宅地建物取引業者 が、保証金を供託する場合、当該住宅の床面積が25 m2 以下であるときは、新築住宅の合計 戸数の算定に当たって、3 戸をもって1 戸と数えることになる。,1,公式解答: 2,https://www.retio.or.jp/wp-content/uploads/2025/03/R6_question_answer.pdf
R6QUESTIONANSWER_Q46,税・その他,R6,2,独立行政法人住宅金融支援機構（以下この問において「機構」という。）に関す る次の記述のうち、誤っているものはどれか。,証券化支援業務（買取型）において、機構による譲受けの対象となる住宅の購入に必要な 資金の貸付けに係る金融機関の貸付債権には、当該住宅の購入に付随する当該住宅の改良に 必要な資金は含まれない。,機構は、地震に対する安全性の向上を主たる目的とする住宅の改良に必要な資金の貸付け を業務として行っている。,機構は、民間金融機関による住宅資金の供給を支援するため、民間金融機関が貸し付けた 住宅ローンについて、住宅融資保険を引き受けている。,機構は、住宅のエネルギー消費性能（建築物のエネルギー消費性能の向上等に関する法律 第2 条第1 項第2 号に規定するエネルギー消費性能をいう。）の向上を主たる目的とする住 宅の改良に必要な資金の貸付けを業務として行っている。,0,公式解答: 1,https://www.retio.or.jp/wp-content/uploads/2025/03/R6_question_answer.pdf
R6QUESTIONANSWER_Q47,税・その他,R6,2,宅地建物取引業者が行う広告に関する次の記述のうち、不当景品類及び不当表示 防止法（不動産の表示に関する公正競争規約を含む。）の規定によれば、正しいものはどれか。,新築分譲住宅の予告広告（価格が確定していないため、直ちに取引することができない物 件について、取引開始時期をあらかじめ告知する広告）を新聞折込チラシを用いて行った場 合は、本広告を新聞折込チラシ以外の媒体を用いて行ってはならない。,土地取引において、当該土地上に廃屋が存在するとき、実際の土地を見れば廃屋が存在す ることは明らかであるため、廃屋が存在する旨を明示する必要はない。,交通の利便性について、電車、バス等の交通機関の所要時間を表示する場合は、朝の通勤 ラッシュ時の所要時間ではなく、平常時の所要時間を明示しなければならない。,居住の用に供されたことはないが建築後1 年以上経過した一戸建て住宅について、新築で ある旨を表示することはできない。,3,公式解答: 4,https://www.retio.or.jp/wp-content/uploads/2025/03/R6_question_answer.pdf
R6QUESTIONANSWER_Q48,税・その他,R6,2,次の記述のうち、正しいものはどれか。,令和6 年地価公示（令和6 年3 月公表）によれば、令和5 年1 月以降の1 年間の地価の動 向は、三大都市圏・地方圏ともに、全用途平均・住宅地・商業地のいずれも3 年連続で上昇 した。,令和4 年度宅地建物取引業法の施行状況調査（令和5 年10 月公表）によれば、令和5 年,月末における宅地建物取引士の総登録者数は、200 万人を超えている。,令和5 年住宅・土地統計調査住宅数概数集計（速報集計）結果（令和6 年4 月公表）によ れば、令和5 年10 月1 日現在における賃貸・売却用及び二次的住宅（別荘など）を除く空 き家は、900 万戸に達している。 4 建築着工統計（令和6 年1 月公表）によれば、令和5 年の新設住宅着工戸数は90 万戸を 超え、3 年連続で増加した。,0,公式解答: 1,https://www.retio.or.jp/wp-content/uploads/2025/03/R6_question_answer.pdf
R6QUESTIONANSWER_Q49,税・その他,R6,2,土地に関する次の記述のうち、最も不適当なものはどれか。,30 度以上の角度をなす斜面を背後に控える宅地は、崖面への保護対策を講じるか、擁壁 を設けるなどの必要がある。,高さ2 m 以下の擁壁であれば、水抜き孔を有しなくても、地震による被害が生じること はない。,重力式擁壁は、擁壁の自重により、背面からの土圧に抵抗するコンクリート構造物である。,工場跡地や埋立地などでは、重金属や揮発性有機化合物などによる土壌汚染が問題となる ことがある。,1,公式解答: 2,https://www.retio.or.jp/wp-content/uploads/2025/03/R6_question_answer.pdf
R6QUESTIONANSWER_Q50,税・その他,R6,2,建物の構造に関する次の記述のうち、最も不適当なものはどれか。,ラーメン構造は、柱を鉛直方向、梁 はり を水平方向に配置し、接合部を強く固めた構造である。,ブレース構造は、柱や梁 はり などで構成された四角形の対角線上に部材を入れた構造である。,ブレース構造は、骨組全てに用いることが多く、ラーメン構造など他の構造と併用するこ とはない。,壁式構造は、板状の壁と床を箱形に組み、建物とする構造で、原則として、柱や梁 はり は用い ない。 受 験 番 号 ― 受 験 者 氏 名 令和6 年度問題,2,公式解答: 3,https://www.retio.or.jp/wp-content/uploads/2025/03/R6_question_answer.pdf
R7QUESTIONANSWER_Q01,権利関係,R7,2,所有者ＡがＢに甲土地を売却し、その後にＢがＣに甲土地を売却した場合に関す る次の記述のうち、民法の規定及び判例によれば、正しいものはどれか。なお、この問におい て、Ｃは背信的悪意者ではないものとする。,甲土地の所有権登記がＡの名義のままであったとしても、Ｂは、Ｃに甲土地を売却した後 は、Ａに対して自己に甲土地の所有権移転登記をするよう請求することはできない。,Ｃは、甲土地の所有権移転登記を備えなければ、Ａに対して自己が所有者であることを主 張することができない。,ＡＢ間の売買契約が、ＢＣ間の売買契約締結よりも前にＡにより解除されていた場合、又 は、ＢＣ間の売買契約締結後にＡにより解除された場合のいずれの場合であっても、Ｃ は、甲土地の所有権移転登記を備えれば、Ａに対して自己の所有権を主張することができ る。,ＡＢ間の売買契約が、ＢＣ間の売買契約よりも前にＢの強迫を理由として取り消されてい た場合、又は、ＢＣ間の売買契約締結後にＢの強迫を理由として取り消された場合のいずれ の場合であっても、Ｃは、Ｂの強迫につき善意でかつ過失がなければ、Ａに対して自己の所 有権を主張することができる。,3,公式解答: 4,https://www.retio.or.jp/wp-content/uploads/2025/12/R7_question_answer.pdf
R7QUESTIONANSWER_Q02,権利関係,R7,2,個人であるＡが、①賃貸人Ｂと賃借人Ｃとの間の期間を2 年とする居住用甲建物 の賃貸借契約に基づくＣの一切の債務の連帯保証契約をＢと締結した場合、②売主Ｄと買主Ｅ との間の居住用乙建物の売買契約に基づく代金支払債務の保証契約をＤと締結した場合、に関 する次の記述のうち、民法の規定によれば、正しいものはどれか。,①の連帯保証契約は書面によってしなければ無効であるのに対し、②の保証契約は書面に よらず、口頭で契約を締結しても有効である。,①のＢがＡに対して連帯保証債務の履行を請求してきた場合には、ＡはまずＣに請求する ように主張できるのに対し、②のＤがＡに対して保証債務の履行を請求してきた場合に は、ＡはまずＥに請求するように主張することはできない。,①の連帯保証契約は保証の限度額である極度額を定めなければ無効であるのに対し、②の 保証契約は極度額を定める必要はない。,①も②もＡが主たる債務者Ｃ及びＥの委託を受けて保証した場合において、Ａが債権者Ｂ 及びＤに対して主たる債務の履行状況に関する情報を提供するよう請求したときは、①のＢ は、これらの情報を、遅滞なく、Ａに提供しなければならないのに対し、②のＤは、守秘義 務を理由にこれらの情報の提供を拒否することができる。,2,公式解答: 3,https://www.retio.or.jp/wp-content/uploads/2025/12/R7_question_answer.pdf
R7QUESTIONANSWER_Q03,権利関係,R7,2,意思表示に関する次の記述のうち、民法の規定によれば、誤っているものはいく つあるか。 ア 表意者が真意でないことを知ってした意思表示は無効であるが、相手方がその意思表示が 表意者の真意ではないことを知らなければ、知らないことにつき過失があっても、当該意思 表示は有効となる。 イ 相手方と通じてした虚偽の意思表示は無効であり、第三者がその虚偽表示につき善意で あっても、過失があれば、当該第三者にその無効を対抗することができる。 ウ 意思表示は、当該意思表示に対応する意思を欠く錯誤に基づくものであって、その錯誤が 法律行為の目的及び取引上の社会通念に照らして重要なものであるときは、無効である が、その錯誤につき善意でかつ過失がない第三者には、その無効を対抗することができな い。 エ 詐欺による意思表示は取り消すことができるが、その詐欺につき善意でかつ過失がない取 消し前の第三者には、その取消しを対抗することができない。,一つ,二つ,三つ,四つ,2,公式解答: 3,https://www.retio.or.jp/wp-content/uploads/2025/12/R7_question_answer.pdf
R7QUESTIONANSWER_Q04,権利関係,R7,2,"ＡがＢから弁済の期限の定めなく金1,000 万円を借り入れる金銭消費貸借契約 （以下この問において「本件契約」という。）における次の記述のうち、民法の規定及び判例 によれば、正しいものはどれか。",Ａは、本件契約におけるＡの債務を担保するために、Ａが所有する不動産に対し、Ｂのた めに、抵当権を設定することはできるが、質権を設定することはできない。,Ａが本件契約に基づく債務の弁済を怠ったときに、ＢがＡから預かっている動産を占有し ている場合には、Ｂは当該動産の返還時期が到来しても弁済を受けるまでその動産に関して 留置権を行使することができる。,Ａが本件契約に基づく債務の弁済を怠った場合には、ＢはＡの総財産に対して先取特権を 行使することができる。,"Ａが、期限が到来しているＢの悪意による不法行為に基づく金1,000 万円の損害賠償請求 債権をＢに対して有している場合、Ａは本件契約に基づく返還債務をＢに対する当該損害賠 償請求債権で相殺することができる。",2,公式解答: 3,https://www.retio.or.jp/wp-content/uploads/2025/12/R7_question_answer.pdf
R7QUESTIONANSWER_Q05,権利関係,R7,2,Ａの子がＢであり、Ｂの子がＣであり、ＣがＡの直系卑属である場合におい て、民法の規定によれば、次のアからエまでの記述のうち、Ａが死亡した際にＣがＢを代襲し てＡの相続人となるときを全て掲げたものはどれか。 ア Ａが死亡する以前にＢが死亡したとき イ Ｂが相続に関するＡの遺言書を偽造して相続権を失ったとき ウ ＢがＡによって相続人から廃除されて相続権を失ったとき エ Ｂが相続放棄をしたとき,ア、エ,イ、ウ,ア、ウ、エ,ア、イ、ウ,3,公式解答: 4,https://www.retio.or.jp/wp-content/uploads/2025/12/R7_question_answer.pdf
R7QUESTIONANSWER_Q06,権利関係,R7,2,Ａが所有している甲土地についての物権変動に関する次の記述のうち、民法の規 定及び判例によれば、誤っているものはどれか。,Ｂが甲土地をＡに無断でＣに売却し、その後、ＢがＡから甲土地を購入した場合、Ｃ は、Ｂから甲土地を購入した時点に遡って甲土地の所有権を取得する。,Ｄが甲土地につき、Ａに無断でＤへの虚偽の所有権の移転の登記をした上で、甲土地をＥ に売却してその旨の登記をした場合において、その後、ＡがＦに甲土地を売却したとき は、Ｆは、Ｅに対し、甲土地の所有権を主張することができる。,Ｇが甲土地の所有権を時効取得した場合、Ｇはその後にＡを単独相続したＨに対して、登 記を備えていなくても、甲土地の所有権を主張することができる。,Ａが甲土地上の立木の所有権を留保して甲土地をＪに売却し、その後、ＪがＫに甲土地及 びその上の立木を売却した場合には、Ａは、Ｋに対し、立木の所有権の留保につき登記又は 明認方法を備えない限り、立木の所有権を主張することができない。,3,公式解答: 4,https://www.retio.or.jp/wp-content/uploads/2025/12/R7_question_answer.pdf
R7QUESTIONANSWER_Q07,権利関係,R7,2,Ａは自己の所有する甲建物を事務所としてＢに賃貸し（以下この問において「本 件契約」という。）、その後、本件契約の期間中に甲建物の屋根に雨漏りが生じたため、ＣがＢ から甲建物の屋根の修理を請け負い、Ｃによる修理が完了した。この場合における次の記述の うち、民法の規定及び判例によれば、正しいものはどれか。,ＢがＣに修理代金を支払わないまま無資力となり、賃料を滞納して本件契約が解除された ことにより甲建物はＡに明け渡された。この場合、ＣはＡに対して、事務管理に基づいて修 理費用相当額の支払を求めることはできない。,ＢがＣに修理代金を支払ったとしても、本件契約において、Ａの負担に属するとされる甲 建物の屋根の修理費用について直ちに償還請求することができる旨の特約がない限り、契約 終了時でなければ、ＢはＡに対して償還を求めることはできない。,ＢがＣに修理代金を支払わない場合、Ｃは、Ｂが占有する甲建物につき、当然に不動産工 事の先取特権を行使することができる。,ＢがＣに修理代金を支払わないまま無資力となり、賃料を滞納して本件契約が解除された ことにより甲建物はＡに明け渡された。本件契約において、ＢがＡに権利金を支払わないこ との代償として、甲建物の修理費用をＢの負担とする旨の特約が存し、当該屋根の修理費用 と権利金が相応していたときであっても、ＣはＡに対して、不当利得に基づいて修理費用相 当額の支払を求めることができる。,0,公式解答: 1,https://www.retio.or.jp/wp-content/uploads/2025/12/R7_question_answer.pdf
R7QUESTIONANSWER_Q08,権利関係,R7,2,Ａ、Ｂ及びＣがそれぞれ3 分の1 の持分の割合で甲土地を共有している場合に関 する次の記述のうち、民法の規定及び判例によれば、誤っているものはどれか。なお、甲土地 を分割しない旨の契約は存在しないものとする。,甲土地につき無権利のＤが、自己への虚偽の所有権移転登記をした場合には、Ａは、単独 で、Ｄに対し、その所有権移転登記の抹消を求めることができる。,Ａが甲土地についての自己の持分を放棄した場合には、その持分は国庫に帰属する。,Ａが死亡し、Ｅ及びＦが相続した場合には、Ｂ及びＣは、Ａの遺産についての遺産分割が される前であっても、Ｅ及びＦに対して共有物分割の訴えを提起することができる。,ＡがＢ及びＣに無断で甲土地を占有している場合であっても、Ｂは、Ａに対し、当然には 自己に甲土地を明け渡すように求めることができない。,0,公式解答: 1,https://www.retio.or.jp/wp-content/uploads/2025/12/R7_question_answer.pdf
R7QUESTIONANSWER_Q09,権利関係,R7,2,連帯債務者の一人について生じた次の事由のうち、民法の規定によれば、他の連 帯債務者に対して効力が生じないものとして正しいものはどれか。なお、この問において、連 帯債務者の一人について生じた事由が他の連帯債務者に対して効力が生じる旨の別段の意思表 示はないものとする。,債権者がした連帯債務者の一人に対する履行の請求,連帯債務者の一人と債権者との間の混同,連帯債務者の一人が債権者に対して債権を有する場合において、その連帯債務者がした相 殺の援用,連帯債務者の一人と債権者との間の更改,1,公式解答: 2,https://www.retio.or.jp/wp-content/uploads/2025/12/R7_question_answer.pdf
R7QUESTIONANSWER_Q10,権利関係,R7,2,Ａを売主、Ｂを買主とする甲土地の売買契約による甲土地の引渡し後に、目的物 の品質に関して契約の内容に適合しない土壌汚染が見つかった場合の売主の担保の責任（以下 この問において「契約不適合責任」という。）に基づく損害賠償に関する次の記述のうち、民 法の規定、宅地建物取引業法の規定及び判例によれば、誤っているものはどれか。,Ｂは、甲土地の引渡しの日から11 年が経過した時点で甲土地の土壌汚染を発見し、発見 した時点から1 年以内にＡに通知した。Ａが当該土壌汚染があることを重大な過失なく知ら なかった場合、Ａが宅地建物取引業者であるか否かにかかわらず、Ｂは損害賠償を請求する ことはできない。,甲土地の引渡しの日から3 年以内に契約不適合の通知をしなければ売主は契約不適合責任 を負わない旨の特約があり、Ｂが引渡しの日から4 年が経過した時点で土壌汚染を発見して 直ちにＡに通知した。Ａが当該土壌汚染があることを重大な過失なく知らなかった場合、Ａ が宅地建物取引業者であるか否かにかかわらず、Ｂは損害賠償を請求することはできない。,甲土地の引渡しの日から1 年以内に契約不適合の通知をしなければ売主は契約不適合責任 を負わない旨の特約があり、Ａは甲土地に土壌汚染があることを売買契約締結時点で知って いて告げていなかった。Ｂが引渡しの日から3 年が経過した時点で当該土壌汚染を発見して 直ちにＡに通知した場合、Ａが宅地建物取引業者であるか否かによって、Ｂが損害賠償を請 求できるか否かの結論が異なる。,売主は契約不適合責任を一切負わない旨の特約があり、Ｂは引渡しの日から1 年が経過し た時点で土壌汚染を発見して直ちにＡに通知した。Ａが当該土壌汚染があることを重大な過 失なく知らなかった場合、Ａが宅地建物取引業者であるか否かによって、Ｂが損害賠償を請 求できるか否かの結論が異なる。,0,公式解答: 1,https://www.retio.or.jp/wp-content/uploads/2025/12/R7_question_answer.pdf
R7QUESTIONANSWER_Q11,権利関係,R7,2,ＡがＢとの間で、Ａ所有の甲土地につき建物の所有を目的として一時使用目的で はない賃貸借契約（以下この問において「本件契約」という。）を締結する場合に関する次の 記述のうち、借地借家法の規定及び判例によれば、正しいものはどれか。,甲土地にＢが賃借権の登記をしなくても、Ｂの配偶者であるＣを所有者として登記されて いる建物が甲土地上に存在する場合には、甲土地がＡからＤに売却されても、ＢはＤに対し て甲土地に賃借権を有していることを主張できる。,本件契約の存続期間が50 年であり、契約の更新及び建物の築造による存続期間の延長が ない旨を定める場合、一定期間地代を減額せず、その期間は地代の減額請求ができない旨の 特約を有効に定めることができる。,本件契約が専らＢの事業の用に供する建物の所有を目的とし、存続期間が50 年である場 合、契約の更新及び建物の築造による存続期間の延長がない旨、並びにＢが借地借家法第 13 条の規定による建物の買取りの請求をしない旨の特約を書面で有効に定めることができ る。,本件契約が公正証書によって行われていれば、専らＢの居住の用に供する建物の所有を目 的とし、存続期間を20 年と定めていても、Ａは正当事由があれば、20 年が経過した時点で 遅滞なく異議を述べて更新を拒絶することができる。,2,公式解答: 3,https://www.retio.or.jp/wp-content/uploads/2025/12/R7_question_answer.pdf
R7QUESTIONANSWER_Q12,権利関係,R7,2,Ａを賃貸人、Ｂを賃借人とする甲建物の賃貸借契約（定期建物賃貸借契約及び一 時使用目的の建物の賃貸借契約を除く。以下この問において「本件契約」という。）に関する 次の記述のうち、民法及び借地借家法の規定によれば、正しいものはどれか。,本件契約が期間の定めがないものである場合において、Ａ又はＢから相手方に対して解約 の申入れをしたときは、当該申入れの日から6 か月を経過することによって、本件契約は終 了する。,本件契約が期間を2 年とするものである場合において、Ａ及びＢのいずれも期間の満了の,年前から6 か月前までの間に相手方に対して更新をしない旨の通知をしなかったとき は、本件契約は、期間を2 年として、従前の契約と同一の条件で更新されたものとみなされ る。,ＡＢ間において、造作買取請求権は行使しない旨の特約があった場合、この特約は有効で ある。 4 本件契約が借地借家法第39 条に規定する取壊し予定の建物の賃貸借であり、甲建物を取 り壊すこととなる時に本件契約が終了する旨の特約を定める場合、本件契約は、公正証書に よってしなければならない。,2,公式解答: 3,https://www.retio.or.jp/wp-content/uploads/2025/12/R7_question_answer.pdf
R7QUESTIONANSWER_Q13,権利関係,R7,2,建物の区分所有等に関する法律に関する次の記述のうち、誤っているものはどれ か。,共用部分は、原則として区分所有者全員の共有に属するが、規約で別段の定めをすること を妨げず、管理者であっても、規約に特別の定めがあるときは、共用部分を所有することが できる。,共用部分の持分の割合について、各共有者の共用部分の持分は、規約で別段の定めをしな い限り、その有する専有部分の床面積の割合による。,集会の議事については、議長は、書面又は電磁的記録により、議事録を作成しなければな らず、当該議事録には議事の経過の要領及びその結果を記載し、又は記録しなければならな いとされているが、当該議事録が書面で作成されているときは、議長及び集会に出席した区 分所有者全員がこれに署名しなければならない。,区分所有者が、建物の保存に有害な行為その他建物の管理又は使用に関し区分所有者の共 同の利益に反する行為をした場合又はその行為をするおそれがある場合には、他の区分所有 者の全員又は管理組合法人は、区分所有者の共同の利益のため、その行為を停止し、その行 為の結果を除去し、又はその行為を予防するため必要な措置を執ることを請求することがで きる。,2,公式解答: 3,https://www.retio.or.jp/wp-content/uploads/2025/12/R7_question_answer.pdf
R7QUESTIONANSWER_Q14,権利関係,R7,2,不動産の登記に関する次の記述のうち、不動産登記法の規定によれば、誤ってい るものはどれか。,登記官は、一筆の土地の一部が別の地目となったときであっても、職権でその土地の分筆 の登記をすることができない。,登記事項証明書の交付の請求は、請求情報を電子情報処理組織を使用して登記所に提供す る方法によりすることができる。,権利に関する登記の申請は、法令に別段の定めがある場合を除き、登記権利者及び登記義 務者が共同してしなければならない。,建物の合併の登記は、表題部所有者又は所有権の登記名義人以外の者は、申請することが できない。,2,公式解答: 3,https://www.retio.or.jp/wp-content/uploads/2025/12/R7_question_answer.pdf
R7QUESTIONANSWER_Q15,法令上の制限,R7,2,都市計画法に関する次の記述のうち、誤っているものはどれか。,風致地区は、都市の風致を維持するため定める地区であり、当該地区内における建築物の 建築について、政令の定める基準に従い、地方公共団体の条例で、都市の風致を維持するた め必要な規制をすることができる。,特定街区は、市街地の整備改善を図るため街区の整備又は造成が行われる地区につい て、その街区内における建築物の容積率並びに建築物の高さの最高限度及び壁面の位置の制 限を定める街区である。,近隣商業地域は、近隣の住宅地の住民に対する日用品の供給を行うことを主たる内容とす る商業その他の業務の利便を増進するため定める地域である。,生産緑地地区は、農業の利便の増進を図りつつ、これと調和した低層住宅に係る良好な住 居の環境を保護するため定める地区である。,0,公式解答: 1,https://www.retio.or.jp/wp-content/uploads/2025/12/R7_question_answer.pdf
R7QUESTIONANSWER_Q16,法令上の制限,R7,2,都市計画法に関する次の記述のうち、正しいものはどれか。ただし、この問にお いて条例による特別の定めはないものとし、「都道府県知事」とは、地方自治法に基づく指定 都市、中核市及び施行時特例市にあってはその長をいうものとする。,市街化調整区域のうち開発許可を受けた開発区域以外の区域において行う、学校教育法に 規定する学校の新築については、都道府県知事の許可が不要である。,開発行為とは、主として建築物の建築又は特定工作物の建設の用に供する目的で行う土地 の区画形質の変更をいい、ゴルフコースの建設は開発行為にはあたらない。,"区域区分が定められていない都市計画区域において、商業施設の建築の用に供する目的で 行う4,000 m2 の開発行為は都道府県知事の許可が不要である。",自己の居住の用に供する住宅の建築を目的として行う開発行為以外の開発行為にあって は、原則として開発区域内に建築基準法に規定する災害危険区域内の土地を含んではならな い。,3,公式解答: 4,https://www.retio.or.jp/wp-content/uploads/2025/12/R7_question_answer.pdf
R7QUESTIONANSWER_Q17,法令上の制限,R7,2,建築基準法に関する次の記述のうち、誤っているものはどれか。,建築主は、建築確認が必要な建築物を建築しようとする場合は、当該建築物の計画を建築 基準法令の規定に適合させるだけでなく、建築基準法令の規定以外の宅地造成及び特定盛土 等規制法などの建築基準関係規定にも適合するものであることについて確認を受ける必要が ある。,建築主は、2 階建ての木造住宅を新築しようとする場合は、当該工事に着手する前に、そ の計画が建築基準関係規定に適合するものであることについて、確認を受け、確認済証の交 付を受ける措置が必要となるが、当該住宅の大規模の修繕をしようとする場合には、当該措 置は不要である。,"延べ面積が1,000 m2 を超える木造建築物は、その外壁及び軒裏で延焼のおそれのある部 分を防火構造としなければならない。",高さ1 m 以下の階段の部分には、手すりを設けなくてもよい。,3,公式解答: 4,https://www.retio.or.jp/wp-content/uploads/2025/12/R7_question_answer.pdf
R7QUESTIONANSWER_Q18,法令上の制限,R7,2,次の記述のうち、建築基準法（以下この問において「法」という。）の規定によ れば、正しいものはどれか。,都市再生特別地区内においては、建築物の容積率、建蔽率及び建築面積は当該地区に関す る都市計画において定められた内容に適合するものでなければならないが、その高さは法第 56 条の高さの制限に関する規定に適合させる必要がある。,"2 階建てかつ床面積1,000 m2 の飲食店は、第一種低層住居専用地域、第二種低層住居専 用地域、第一種中高層住居専用地域、工業専用地域及び田園住居地域に建築することができ ない。",特定行政庁による認可を受けて公告された建築協定は、その後、当該協定の土地の所有者 等の全員で合意したときに限り、その公告のあった日以後において当該建築協定区域内の土 地の所有者等となった者に対しても効力が及ぶこととなる。,建築物のエネルギー消費性能の向上のため必要な外壁等に関する工事を行う場合、公益性 が高いことから特定行政庁の許可を受けることなく、法第52 条の規定による容積率の限度 を超えることができる。,1,公式解答: 2,https://www.retio.or.jp/wp-content/uploads/2025/12/R7_question_answer.pdf
R7QUESTIONANSWER_Q19,法令上の制限,R7,2,宅地造成及び特定盛土等規制法に関する次の記述のうち、誤っているものはどれ か。なお、この問において「都道府県知事」とは、地方自治法に基づく指定都市及び中核市に あってはその長をいうものとし、地方自治法に基づく施行時特例市に係る経過措置については 考慮しないものとする。,工事主は、特定盛土等規制区域内において行われる特定盛土等又は土石の堆積に関する政 令で定める規模の工事の許可の申請をするときは、あらかじめ、主務省令で定めるところに より、特定盛土等又は土石の堆積に関する工事の施行に係る土地の周辺地域の住民に対 し、説明会の開催その他の当該特定盛土等又は土石の堆積に関する工事の内容を周知させる ため必要な措置を講じなければならない。,宅地造成等工事規制区域内の土地の工事主又は工事施行者は、宅地造成等に伴う災害が生 じないよう、その土地を常時安全な状態に維持するように努めなければならない。,都道府県知事は、宅地造成等工事規制区域内の土地について、宅地造成等に伴う災害の防 止のために必要があると認める場合においては、その土地の所有者、管理者、占有者、工事 主又は工事施行者に対して、擁壁等の設置等の必要な措置をとることを勧告することができ る。,宅地造成等工事規制区域内において行われる宅地造成等に関する工事の許可を受けた工事 主は、当該許可に係る土地の見やすい場所に、主務省令で定めるところにより、氏名又は名 称その他の主務省令で定める事項を記載した標識を掲げなければならない。,1,公式解答: 2,https://www.retio.or.jp/wp-content/uploads/2025/12/R7_question_answer.pdf
R7QUESTIONANSWER_Q20,法令上の制限,R7,2,土地区画整理法に関する次の記述のうち、誤っているものはどれか。,個人施行者は、その者以外に換地計画に係る区域内の宅地を所有する者（当該宅地の所有 権について施行者に対抗することができない者を除く。）がある場合においては、換地計画 について認可を申請しようとするときは、これらの者の同意を得なければならない。,国又は地方公共団体の所有する土地以外であって道路の用に供している土地について は、土地区画整理事業の施行により当該道路に代わるべき道路が設置され、その結果、当該 道路が廃止される場合等においては、換地計画において、当該土地について換地を定めない ことができる。,従前の宅地の所有者及びその宅地について使用収益権を有する者が、仮換地について使用 又は収益を開始することができる日を別に定められたため、従前の宅地について使用し、又 は収益することができなくなったことにより損失を受けた場合においては、施行者は、その 損失を受けた者に対して、通常生ずべき損失を補償しなければならない。,仮換地の指定があった日後、土地区画整理事業の施行による施行地区内の土地及び建物の 変動に係る登記がされるまでの間は、登記の申請人が確定日付のある書類によりその指定前 に登記原因が生じたことを証明した場合を除き、施行地区内の土地及び建物に関しては他の 登記をすることができない。,1,公式解答: 2,https://www.retio.or.jp/wp-content/uploads/2025/12/R7_question_answer.pdf
R7QUESTIONANSWER_Q21,法令上の制限,R7,2,農地に関する次の記述のうち、農地法（以下この問において「法」という。）の 規定によれば、誤っているものはどれか。,市街化区域外にある農地の転用の申請に係る事業が住宅の用に供される土地の造成だけを 目的としている場合、申請に係る農地の全てを住宅の用に供することが確実と認められない ときには、法第4 条第1 項又は法第5 条第1 項の許可を受けることができない。,仮設工作物を設置するため、市街化区域外にある農地の所有権を取得しようとする場合に は、法第5 条第1 項の許可を受けることができない。,農地の賃貸借は、その登記がなくても、農地の引渡しがあったときは、これをもってその 後その農地について所有権を取得した第三者に対抗することができる。,法人の代表者が、その法人の業務に関し、法第4 条第1 項又は法第5 条第1 項の規定に違 反して農地の転用をした場合には、その代表者が罰せられるほか、その法人も300 万円以下 の罰金刑が科せられる。,3,公式解答: 4,https://www.retio.or.jp/wp-content/uploads/2025/12/R7_question_answer.pdf
R7QUESTIONANSWER_Q22,法令上の制限,R7,2,国土利用計画法第23 条の届出（以下この問において「事後届出」という。）に関 する次の記述のうち、正しいものはどれか。,"市街化区域内においてＡが所有する面積3,500 m2 の土地について、Ｂが2,000 m2、Ｃが 1,500 m2 とそれぞれ分割して購入した場合、Ｂ及びＣはともに事後届出を行わなければな らない。","都市計画区域外においてＤが所有する面積12,000 m2 の土地について、Ｅが担保権の実行 による競売を通じて所有権を取得した場合、Ｅは事後届出を行わなければならない。","Ｆが、自ら所有する市街化調整区域内の7,000 m2 の土地について、宅地建物取引業者Ｇ と売買契約を締結した場合には、Ｇは契約を締結した日から1 か月以内に事後届出を行う必 要がある。","市街化区域内に所在する一団の土地である甲土地（面積1,200 m2）と乙土地（面積 1,300 m2）について、甲土地については売買によって所有権を取得し、乙土地については対 価の授受を伴わず賃借権の設定を受けたＨは、事後届出を行う必要はない。",3,公式解答: 4,https://www.retio.or.jp/wp-content/uploads/2025/12/R7_question_answer.pdf
R7QUESTIONANSWER_Q23,税・その他,R7,2,土地の売買による所有権の移転登記等に係る登録免許税の税率の軽減措置に関す る次の記述のうち、正しいものはどれか。,この税率の軽減措置は、地目が雑種地となっている土地の売買による所有権の移転登記に ついても適用される。,"この税率の軽減措置の適用対象となる土地は、その価額が1,000 万円未満のものに限られ る。",この税率の軽減措置は、法人が土地の売買による所有権の移転登記を受ける場合には適用 されない。,"この税率の軽減措置の適用対象となる土地は、その面積が1,000 m2 未満のものに限られ る。",3,公式解答: 4,https://www.retio.or.jp/wp-content/uploads/2025/12/R7_question_answer.pdf
R7QUESTIONANSWER_Q24,税・その他,R7,2,固定資産税に関する次の記述のうち、正しいものはどれか。,住宅用地のうち小規模住宅用地（200 m2 以下）に対して課する固定資産税の課税標準 は、当該小規模住宅用地に係る固定資産税の課税標準となるべき価格の3 分の1 の額であ る。,市町村長は、納税義務者等の求めに応じ、法令で定めるところにより固定資産課税台帳を 閲覧に供しなければならない。ただし、当該部分に記載されている住所が明らかにされるこ とにより人の生命又は身体に危害を及ぼすおそれがある場合、当該住所を削除する等の措置 を講じたもの又はその写しを閲覧に供することができる。,市町村は、土地、家屋又は償却資産に対して課する固定資産税額が、土地にあっては30 万円、家屋にあっては20 万円、償却資産にあっては150 万円に満たない場合においては、 原則として固定資産税を課することができない。,固定資産税は、固定資産の所有者として、登記簿又は土地補充課税台帳若しくは家屋補充 課税台帳に所有者として登記又は登録されている者に対して課されるため、所有者として登 記又は登録されている個人が賦課期日前に死亡している場合、固定資産課税台帳に新たな所 有者が登録されていなければ何人に対しても固定資産税を課することはできない。,0,公式解答: 1,https://www.retio.or.jp/wp-content/uploads/2025/12/R7_question_answer.pdf
R7QUESTIONANSWER_Q25,税・その他,R7,2,不動産の鑑定評価に関する次の記述のうち、不動産鑑定評価基準によれば、誤っ ているものはどれか。,価格形成要因のうち個別的要因とは、一般経済社会における不動産のあり方及びその価格 の水準に影響を与える要因をいい、自然的要因、社会的要因、経済的要因及び行政的要因に 大別される。,収益還元法は、賃貸用不動産又は賃貸以外の事業の用に供する不動産の価格を求める場合 に特に有効な手段であり、自用の不動産であっても賃貸を想定することにより適用される。,原価法における減価修正の方法としては、耐用年数に基づく方法と、観察減価法の2 つの 方法があり、これらは併用するものとする。,対象建築物に関する工事が完了していない場合でも、当該工事の完了を前提として鑑定評 価を行うことがある。,1,公式解答: 2,https://www.retio.or.jp/wp-content/uploads/2025/12/R7_question_answer.pdf
R7QUESTIONANSWER_Q26,宅建業法,R7,2,"宅地建物取引業者Ａ（消費税課税事業者）及び宅地建物取引業者Ｂ（消費税課税 事業者）が受領した報酬に関するアからウの記述のうち、宅地建物取引業法の規定によれ ば、誤っているものを全て掲げたものは1 から4 のうちどれか。なお、代理、媒介に当た り、広告の依頼は行われていないものとする。 ア Ａが単独で貸主と借主の双方から店舗用建物の貸借の媒介の依頼を受け、1 か月の借賃 24 万円（消費税等相当額を含まない。）、権利金1,400 万円（権利設定の対価として支払わ れるもので、返還されないものをいい、消費税等相当額を含まない。）の賃貸借契約を成立 させ、依頼者の双方からそれぞれ52 万8,000 円を報酬として受領したことは、宅地建物取 引業法に違反する。 イ 現に長期間にわたって居住の用、事業の用その他の用途に供されておらず、かつ将来にわ たり居住の用、事業の用その他の用途に供される見込みがない宅地（1 か月の借賃5 万 円。消費税等相当額を含まない。）について、Ａは貸主から代理を依頼され、Ｂは借主から 代理を依頼され、賃貸借契約が成立したので、Ａは貸主から4 万円を、Ｂは、代理の依頼を 受けるに当たって、報酬が借賃の1.1 か月分を超えることについて借主から承諾を得たうえ で、借主から7 万円を報酬として受領したことは、宅地建物取引業法に違反しない。 ウ Ａは売主から媒介の依頼を、Ｂは買主から媒介の依頼を、それぞれ受けて、代金200 万円 （消費税等相当額を含み、土地代金は90 万円である。）の土地付建物の売買契約を成立させ た場合に、依頼者と宅地建物取引業者との間であらかじめ報酬の額を定めていなかったとき は、売主はＡに対して少なくとも10 万4,500 円、買主はＢに対して少なくとも10 万4,500 円を支払わなければならない。",ア、イ,イ、ウ,ア、ウ,ア、イ、ウ,0,公式解答: 1,https://www.retio.or.jp/wp-content/uploads/2025/12/R7_question_answer.pdf
R7QUESTIONANSWER_Q27,宅建業法,R7,2,宅地建物取引業者が行う宅地建物取引業法第35 条に規定する重要事項の説明及 び重要事項説明書の交付に関する次の記述のうち、正しいものはどれか。ただし、説明の相手 方は宅地建物取引業者ではないものとする。,宅地建物取引業者は、区分所有建物の売買の媒介を行う場合に、当該一棟の建物及びその 敷地の管理が法人に委託されているときは、その委託を受けている法人の商号又は名称及び 主たる事務所の所在地を説明しなければならない。,宅地建物取引業者は、自身が売主となる場合に、重要事項説明書の交付に当たり、専任の 宅地建物取引士をして当該書面に記名させなければならず、また、買主にも当該書面に記名 させなければならない。,宅地建物取引業者は、重要事項を説明する際には、宅地建物取引業者の事務所において行 わなければならない。,宅地建物取引業者は、自身が売主となる場合であっても、買主に対して、天災その他不可 抗力による損害の負担に関する定めがあるときは、その内容を説明しなければならない。,3,公式解答: 4,https://www.retio.or.jp/wp-content/uploads/2025/12/R7_question_answer.pdf
R7QUESTIONANSWER_Q28,宅建業法,R7,2,宅地建物取引業者の業務に関する次の記述のうち、宅地建物取引業法（以下この 問において「法」という。）の規定によれば、正しいものはいくつあるか。 ア 自ら売主として販売する宅地又は建物の広告に取引態様の別を明示しなかった場合は、罰 則の対象とはならないが監督処分の対象となり、宅地又は建物の規模について著しく事実に 相違する表示をした場合は、罰則の対象にも監督処分の対象にもなる。 イ 自ら売主として土地付建物の売買契約を締結しようとする場合、当該土地上に建てようと する建物が建築確認申請前であっても、広告することはできるが、建築確認を受けるま で、契約を締結することはできない。 ウ 宅地建物取引業者は、自ら売主として、宅地建物取引業者である買主との間で、自ら所有 しない造成前の宅地の売買契約を締結するためには、法第41 条の規定による手付金等の保 全措置を講じ、かつ、売主である宅地建物取引業者が当該宅地を取得する契約を締結しなけ ればならない。 エ 宅地建物取引業者は、宅地の売買の専属専任媒介契約を締結した場合、当該媒介契約締結 の日から5 日以内（休業日を除く。）に、当該宅地について指定流通機構に所定の事項を登 録しなければならない。,一つ,二つ,三つ,なし,0,公式解答: 1,https://www.retio.or.jp/wp-content/uploads/2025/12/R7_question_answer.pdf
R7QUESTIONANSWER_Q29,宅建業法,R7,2,宅地建物取引業者Ａが宅地建物取引業法第37 条の規定により交付すべき書面 （以下この問において「37 条書面」という。）に関する次の記述のうち、正しいものはどれか。,Ａが媒介により事業用宅地の賃貸借契約を成立させた場合、37 条書面を交付しなければ ならないが、契約の当事者Ｂが宅地建物取引業者であるときは、交付する必要はない。,Ａが自ら売主としてＣと既存の建物の売買契約を締結した場合、建物の構造耐力上主要な 部分等の状況について当事者の双方が確認した事項を37 条書面に記載しなければならない。,ＡがＤを売主としＥを買主とする宅地の売買契約を媒介した場合、天災その他不可抗力に よる損害の負担に関する定めがないときは、定めがない旨を37 条書面に記載しなければな らない。,Ａが自ら売主としてＦと建物の売買契約を締結した場合、代金についての金銭の貸借の あっせんに関する定めがある場合における当該あっせんに係る金銭の貸借が成立しないとき の措置については、37 条書面に記載する必要はない。,1,公式解答: 2,https://www.retio.or.jp/wp-content/uploads/2025/12/R7_question_answer.pdf
R7QUESTIONANSWER_Q30,宅建業法,R7,2,"いずれも宅地建物取引業者であるＡ社、Ｂ社及びＣ社（以下この問において「売 主ら」という。）が、分譲マンションを共同で建築、販売することとなり、建築確認を受けた 後、工事完了前にその一室を5,000 万円で宅地建物取引業者ではない個人である買主に売却し ようとする場合に関する次の記述のうち、宅地建物取引業法（以下この問において「法」とい う。）に違反するものはいくつあるか。 ア 売主らは、共同する全社が各個に重要事項説明を実施すると、かえって買主を混乱させる と考え、買主の了解を得た上で、Ａ社1 社を幹事社とし、Ａ社の宅地建物取引士が単独で重 要事項説明書に記名のうえ、買主に交付し説明を行った。 イ 売主らは、Ａ社の事務所において買主から買受けの申込みを受け、売買契約を締結した が、売主らは当該売買契約には法第37 条の2 の規定に基づくいわゆるクーリング・オフの 適用はないと判断し、クーリング・オフについて買主に告げる書面の交付は行わなかった。 ウ 売主らは、当該物件については、重要事項説明の時点では共用部分に関する規約が案であ るので、買主の了解を得た上で、契約締結後に決定した規約を交付することとし、重要事項 説明書への記載は省略した。 エ 売主らは買主から手付金500 万円を受領することとしたが、手付金の保全措置を講じる必 要はないと判断し、手付金保全措置の概要について重要事項説明書への記載は省略した。",一つ,二つ,三つ,四つ,1,公式解答: 2,https://www.retio.or.jp/wp-content/uploads/2025/12/R7_question_answer.pdf
R7QUESTIONANSWER_Q31,宅建業法,R7,2,次の記述のうち、宅地建物取引業法により禁止されている行為が含まれているも のはいくつあるか。 ア 宅地建物取引士が、マンション販売の勧誘を電話で行うにあたり、まず、契約締結につい て勧誘する目的である旨を告げたうえで、自分の名前は名乗らず、自身の勤務する宅地建物 取引業者の名称及び免許番号を伝えたうえで勧誘を行った。 イ 宅地建物取引業者が、賃貸マンションの媒介で入居申込者から申込みを受け付けたとこ ろ、当該マンションのオーナーからの審査回答待ちとなった。その後、入居申込者が、申込 みを撤回したい旨電話で伝えたところ、当該宅地建物取引業者の従業員から声を荒げ「撤回 をするなら、とりあえず事務所まで来てくれないと困る」と怒鳴られ、面会を強要され た。申込者はその言動に不安を覚えたため、事務所に赴いて、申込みの撤回を申し出たとこ ろ、申込みの撤回が了承された。 ウ 宅地建物取引業者が、一時的にアルバイトを雇って、マンション販売の広告チラシの配布 を行わせることとしたほか、契約書の作成業務も補助的に行わせるため、従業者証明書をそ の者に発行し、それらの業務を行わせた。ただし、そのアルバイトはマンション販売の広告 チラシの配布の際には、従業者証明書を携帯していなかった。 エ マンションの販売の勧誘における説明において、宅地建物取引士は、日当たりのよいマン ションの購入希望者に対して、「マンション南側の月極駐車場は出来たばかりであり、将来 にわたりそこにマンションなどの高層の建物が建つ予定は全くない」と説明し、購入希望者 から購入申込みを受け付けた。,一つ,二つ,三つ,四つ,2,公式解答: 3,https://www.retio.or.jp/wp-content/uploads/2025/12/R7_question_answer.pdf
R7QUESTIONANSWER_Q32,宅建業法,R7,2,"宅地建物取引業者Ａが、自ら売主として、宅地建物取引業者ではないＢとの間で マンション（代金4,000 万円）の売買契約を締結した場合に関する次の記述のうち、宅地建物 取引業法（以下この問において「法」という。）の規定に違反しないものはどれか。",Ａは、建築工事完了前のマンションの売買契約を締結する際にＢから手付金200 万円を受 領し、さらに建築工事中に200 万円を中間金として受領した後、当該手付金と中間金につい て法第41 条に定める保全措置を講じた。,Ａは、建築工事完了後のマンションの売買契約を締結する際に、法第41 条の2 に定める 保全措置を講じることなくＢから手付金400 万円を受領した。,Ａは、建築工事完了前のマンションの売買契約を締結する際にＢから手付金500 万円を受 領したが、Ｂに債務不履行がないにもかかわらず当該手付金500 万円を返還して、契約を一 方的に解除した。,"Ａは、建築工事完了後のマンションの売買契約を締結する際に、当事者の債務の不履行を 理由とする契約の解除に伴う損害賠償の予定額を1,000 万円とする特約を定めた。",3,公式解答: 4,https://www.retio.or.jp/wp-content/uploads/2025/12/R7_question_answer.pdf
R7QUESTIONANSWER_Q33,宅建業法,R7,2,宅地建物取引業者Ａが行う業務に関する次の記述のうち、宅地建物取引業法の規 定によれば、誤っているものはいくつあるか。なお、この問において「37 条書面」とは、同 法第37 条の規定により交付すべき書面をいうものとする。 ア 建物の賃貸借の媒介をするＡは、当該建物の引渡しの時期について、重要事項説明書に記 載して説明する必要はないが、37 条書面には記載しなければならない。 イ Ａは、自ら売主として建物を売却する場合、重要事項説明書に記載しなければならない契 約の解除に関する事項については、契約に定めがなくても37 条書面に全て記載しなければ ならない。 ウ Ａは、売主を代理して、抵当権が登記されている建物を売却する場合、買主に交付する 37 条書面だけでなく、売主に交付する37 条書面についても、当該抵当権の内容を記載しな ければならない。 エ 建物の賃貸借の媒介をするＡは、37 条書面を交付するに当たり、宅地建物取引士をして、 その内容を説明させなければならない。,一つ,二つ,三つ,四つ,1,公式解答: 2,https://www.retio.or.jp/wp-content/uploads/2025/12/R7_question_answer.pdf
R7QUESTIONANSWER_Q34,宅建業法,R7,2,宅地建物取引業の免許（以下この問において「免許」という。）に関する次の記 述のうち、宅地建物取引業法の規定によれば、正しいものはいくつあるか。 ア Ａ社の政令で定める使用人Ｂは、刑法第234 条（威力業務妨害）の罪により、懲役2 年、 執行猶予2 年の刑に処せられた後、Ａ社を退任し、新たにＣ社の政令で定める使用人に就任 した。Ｂの執行猶予期間が満了していない場合に、Ｃ社が免許を申請しても、免許を受ける ことができない。 イ Ｄ社は、不正の手段により免許を取得したことによる免許の取消処分に係る聴聞の期日及 び場所が公示された日から当該処分がなされるまでの間に、宅地建物取引業法第11 条の規 定による廃業の届出をした。その廃業に相当の理由がなかった場合、当該公示の日の40 日 前にＤ社の取締役を退任したＥは、当該届出から5 年経過しなければ、免許を申請しても免 許を受けることができない。 ウ 営業に関し成年者と同一の行為能力を有しない未成年者であるＦの法定代理人であるＧ が、刑法第206 条（現場助勢）の罪により罰金の刑に処せられていた場合、その刑の執行が 終わった日から5 年を経過していなくても、Ｆは免許を申請すれば免許を受けることができ る。 エ Ｈ社の政令で定める使用人Ｊは、裁判所へＪ自身の破産申し立てを行った後、Ｈ社を退任 し、裁判所から破産手続の開始決定を受けるまでの間に、新たにＫ社の政令で定める使用人 に就任した。その後、Ｊが復権を得た場合、その日から5 年を経過しなくても、Ｋ社が免許 を申請すれば、免許を受けることができる。,一つ,二つ,三つ,四つ,2,公式解答: 3,https://www.retio.or.jp/wp-content/uploads/2025/12/R7_question_answer.pdf
R7QUESTIONANSWER_Q35,宅建業法,R7,2,宅地建物取引業者Ａ（甲県知事免許）の営業保証金に関する次の記述のうち、宅 地建物取引業法の規定によれば、正しいものはどれか。なお、Ａは宅地建物取引業保証協会の 社員ではないものとする。,免許の有効期間満了の際、Ａが営業保証金を取り戻そうとする場合には、供託した営業保 証金につき還付を受ける権利を有する者に対し、6 か月を下らない一定期間内に申し出るべ き旨を官報に公告しなければならない。,Ａが営業保証金を供託する場合において、金銭と有価証券を併用して供託することができ るが、従たる事務所を設置したときの営業保証金については、金銭のみをもって供託しなけ ればならない。,Ａは、事業の開始後新たに乙県に従たる事務所を設置したときは、従たる事務所の最寄り の供託所に営業保証金を供託し、その供託物受入の記載のある供託書の写しを添付して、そ の旨を甲県知事に届け出なければならない。,Ａの設置した支店においてＡと宅地建物取引業に関する取引をした者は、その取引により 生じた債権に関し、500 万円を限度としてその債権の弁済を受ける権利を有する。,2,公式解答: 3,https://www.retio.or.jp/wp-content/uploads/2025/12/R7_question_answer.pdf
R7QUESTIONANSWER_Q36,宅建業法,R7,2,宅地建物取引業者Ａの業務に関する次の記述のうち、宅地建物取引業法の規定に よれば、禁止されているものはいくつあるか。 ア Ａの従業者は、電話によりＢに投資用マンションの購入の勧誘を行った際、Ｂから「Ａか ら購入する意思は一切無いので、今後電話を含め勧誘はしないでほしい。」と告げられた が、その翌日、Ｂに対し、再度の勧誘を行った。 イ 建物の購入希望者から「契約の締結についてしばらく考えさせてほしい。」という申し出 があったので、Ａの従業者は、他に買い手がいないにもかかわらず、「他に買い手がいるの で、今日中しか契約の締結はできない。」と当該購入希望者に告げた。 ウ Ａの従業者は、建物の購入希望者に対して、長時間にわたり契約の締結をするための勧誘 を行い、当該購入希望者を困惑させた。 エ 建物の売買を媒介しているＡの従業者は、手持ち資金がない購入希望者に対して「手付金 は当社が貸し付けるので後から返してくれれば構わない。」と告げて、契約の締結を誘引し たが、契約には至らなかった。,一つ,二つ,三つ,四つ,0,公式解答: 1,https://www.retio.or.jp/wp-content/uploads/2025/12/R7_question_answer.pdf
R7QUESTIONANSWER_Q37,宅建業法,R7,2,宅地建物取引業者が行う宅地建物取引業法第35 条に規定する重要事項の説明に 関する次の記述のうち、正しいものはどれか。なお、説明の相手方は宅地建物取引業者ではな いものとする。,建物の貸借の媒介を行う場合、当該建物が都市計画法の準防火地域内にあり、建築基準法 第61 条第1 項に基づく建物の構造に係る制限があるときは、その概要を説明しなければな らない。,マンションの分譲を行う場合、建物の区分所有等に関する法律第2 条第3 項に規定する専 用部分の用途その他の利用の制限に関する規約の定めが案の段階であるときは、説明する必 要はない。,建物の貸借の媒介を行う場合、借賃以外に授受される金銭の額、授受の目的及び保管方法 を説明しなければならない。,鉄筋コンクリート造の既存の共同住宅の販売を行う場合、宅地建物取引業法第34 条の2 第1 項第4 号に規定する建物状況調査を1 年6 か月前に実施したときは、建物状況調査を実 施したこと、その結果の概要について説明しなくてはならない。,3,公式解答: 4,https://www.retio.or.jp/wp-content/uploads/2025/12/R7_question_answer.pdf
R7QUESTIONANSWER_Q38,宅建業法,R7,2,宅地建物取引業者Ａが行う業務に関する次の記述のうち、宅地建物取引業法の規 定によれば、誤っているものはいくつあるか。 ア Ａは、宅地又は建物の売買に関する広告をする際に取引態様の別を明示した場合、当該広 告を見た者から売買に関する注文を受けたときは、改めて取引態様の別を明示する必要はな い。 イ Ａは、宅地の売買に関する広告をするに当たり、当該宅地の形質について、実際のものよ りも著しく優良であると人を誤認させる表示をした場合、当該宅地に関する注文がなく、売 買が成立しなかったときであっても、監督処分及び罰則の対象となる。 ウ Ａは、複数の区画がある宅地の売買について、数回に分けて広告をする予定でいる場 合、最初に行う広告に取引態様の別を明示すれば足り、それ以降は明示する必要はない。 エ Ａは、建物の貸借の媒介において、依頼者の依頼によらない広告をした場合、国土交通大 臣の定める報酬限度額となる媒介報酬のほか、当該広告の料金に相当する額を受領できる。,一つ,二つ,三つ,四つ,3,公式解答: 4,https://www.retio.or.jp/wp-content/uploads/2025/12/R7_question_answer.pdf
R7QUESTIONANSWER_Q39,宅建業法,R7,2,宅地建物取引業者Ａが、ＢからＢ所有の中古住宅の売却について媒介の依頼を受 けた場合における次の記述のうち、宅地建物取引業法（以下この問において「法」という。） の規定によれば、正しいものはどれか。,ＡがＢとの間で専属専任媒介契約を締結し、Ｂから「売り出し中であることを秘密にして おきたいので指定流通機構への登録はしないでほしい」旨の申出があった場合、Ａは、その ことを理由に登録をしなかったとしても法に違反しない。,Ａは、Ｂとの間で有効期間を1 か月とする専属専任媒介契約を締結する際、「Ｂが媒介契 約を更新する旨を申し出ない場合は、有効期間満了により自動更新するものとする」旨の特 約は有効である。,ＡがＢと一般媒介契約を締結したときは、法第34 条の2 第1 項の規定に基づき交付すべ き書面に、宅地建物取引士をして記名させなければならない。,ＡがＢとの間で専属専任媒介契約を締結した場合、Ａは、当該中古住宅の取引の申込みの 受付に関する状況を指定流通機構に登録しなければならない。,2,公式解答: 3,https://www.retio.or.jp/wp-content/uploads/2025/12/R7_question_answer.pdf
R7QUESTIONANSWER_Q40,宅建業法,R7,2,宅地建物取引業者Ａが、自ら売主として、宅地建物取引業者Ｂの媒介により、宅 地建物取引業者ではない買主Ｃとの間で宅地の売買契約を締結した場合、宅地建物取引業法第 37 条の2 の規定に基づくいわゆるクーリング・オフに関する次の記述のうち、正しいものは いくつあるか。 ア Ｃは、Ｂの事務所で買受けの申込みを行い、その3 日後に、Ｃの自宅近くの喫茶店で売買 契約を締結した場合、クーリング・オフによる契約の解除はできない。 イ ＡとＣの間で、クーリング・オフによる契約の解除に関し、Ｃは契約の解除の書面をクー リング・オフの告知の日から起算して8 日以内にＡに到達させなければ契約を解除すること ができない旨の特約を定めた場合、当該特約は無効である。 ウ Ｃは、Ｂからの提案によりＣの自宅で買受けの申込みを行ったが、クーリング・オフにつ いては告げられず、その10 日後に、Ａの事務所で売買契約を締結した場合、クーリング・ オフによる契約の解除はできない。 エ クーリング・オフについてＣに告げる書面には、Ａの商号又は名称及び住所並びに免許証 番号を記載しなければならないが、Ｂの商号又は名称及び住所並びに免許証番号の記載は必 要ない。,一つ,二つ,三つ,なし,3,公式解答: 4,https://www.retio.or.jp/wp-content/uploads/2025/12/R7_question_answer.pdf
R7QUESTIONANSWER_Q41,宅建業法,R7,2,宅地建物取引業の免許（以下この問において「免許」という。）に関する次の記 述のうち、宅地建物取引業法の規定によれば、正しいものはどれか。,宅地建物取引業者Ａ（甲県知事免許）が免許を受けてから1 年以内に事業を開始しないと きは、甲県知事は免許を取り消さなければならない。,宅地建物取引業者Ｂ（甲県知事免許）が株主総会の決議により解散した場合、Ｂを代表す る役員であった者は、その旨を当該解散の日から60 日以内に甲県知事に届け出なければな らない。,宅地建物取引業者ではないＣが甲県に本店を、乙県に支店をそれぞれ有する場合で、乙県 の支店のみで新たに宅地建物取引業を営もうとするときは、Ｃは乙県知事の免許を受けなけ ればならない。,宅地建物取引業者Ｄ（甲県知事免許）は、甲県の事務所を廃止し、乙県内で新たに事務所 を設置して宅地建物取引業を営もうとする場合、甲県知事へ廃業の届出を行うとともに、乙 県知事への免許換えの申請を行わなければならない。,2,公式解答: 3,https://www.retio.or.jp/wp-content/uploads/2025/12/R7_question_answer.pdf
R7QUESTIONANSWER_Q42,宅建業法,R7,2,宅地建物取引士に関する次の記述のうち、宅地建物取引業法の規定によれば、正 しいものはいくつあるか。なお、この問において、宅地建物取引士は、事務の禁止の処分を受 けていないものとする。 ア 二つ以上の都道府県において宅地建物取引士資格試験に合格した者は、当該試験を行った 都道府県のうち試験日が遅い都道府県知事の登録以外を受けることができない。 イ 宅地建物取引士は、その登録している勤務先の名称に変更があった場合、登録を受けてい る都道府県知事に、変更の登録の申請とあわせて、宅地建物取引士証の書換え交付を申請し なければならない。 ウ 宅地建物取引士は、宅地建物取引士証が効力を失ったときは、速やかに、宅地建物取引士 証をその交付を受けた都道府県知事に返納しなければならない。 エ 宅地建物取引士は、登録を受けている都道府県知事の管轄する都道府県以外の都道府県に 所在する宅地建物取引業者の事務所の業務に従事しているときは、登録の移転の申請をする ことができる。,一つ,二つ,三つ,四つ,1,公式解答: 2,https://www.retio.or.jp/wp-content/uploads/2025/12/R7_question_answer.pdf
R7QUESTIONANSWER_Q43,宅建業法,R7,2,宅地建物取引業者が行う宅地建物取引業法第35 条に規定する重要事項の説明に 関する次の記述のうち、正しいものはいくつあるか。なお、説明の相手方は宅地建物取引業者 ではないものとする。 ア 自らを委託者とする宅地又は建物に係る信託の受益権の売主となる場合、相手方に金融商 品取引法第2 条第10 項に規定する目論見書を交付し、宅地建物取引業法第35 条第3 項の規 定に基づき説明すべき事項のすべてが当該目論見書に記載されているときは、重要事項説明 書の交付及び説明を省略することができる。 イ 建物の貸借の媒介を行う場合、当該建物が建築工事の完了前のものであるときは、その完 了時における当該建物の主要構造部、内装及び外装の構造又は仕上げ並びに設備の設置及び 構造について説明しなければならない。 ウ 建物の貸借の媒介を行う場合、敷金その他いかなる名義をもって授受されるかを問わ ず、契約終了時において精算することとされている金銭の精算に関する事項を説明しなけれ ばならない。 エ 宅地の売買の媒介を行う場合、当該宅地が津波防災地域づくりに関する法律第21 条第1 項により指定された津波防護施設区域内にあるときは、同法第23 条第1 項の規定による制 限の概要について説明しなければならない。,一つ,二つ,三つ,四つ,3,公式解答: 4,https://www.retio.or.jp/wp-content/uploads/2025/12/R7_question_answer.pdf
R7QUESTIONANSWER_Q44,宅建業法,R7,2,宅地建物取引業者は、犯罪による収益の移転防止に関する法律第2 条第2 項の特 定事業者に該当するが、宅地建物取引業者Ａの行為に関する次の記述のうち、同法に違反する ものはどれか。,Ａは、土地付建物の売買を行うに際して、当該売買契約の相手方である買主が自然人で あったので、氏名、住居、生年月日、取引を行う目的及び職業について、確認した。,"Ａは、価額が5,000 万円の土地付建物の売買を行ったとき、直ちに、一定の方法により、 当該売買契約の相手方である買主の確認記録を検索するための事項、当該取引の期日及び内 容その他の事項に関する記録を作成して保存していたが、当該取引の行われた日から5 年経 過したので、当年度末に当該記録を廃棄した。",Ａは、土地付建物の売買契約の相手方である買主から収受した代金について犯罪により得 た収益であるとの疑いがあったので、速やかに、所定の事項を行政庁に届け出た。,Ａは、取引時確認、取引記録等の保存、疑わしい取引の届出等の措置を的確に行うた め、顧客と実際に接する営業担当者に対する教育訓練を実施した。,1,公式解答: 2,https://www.retio.or.jp/wp-content/uploads/2025/12/R7_question_answer.pdf
R7QUESTIONANSWER_Q45,宅建業法,R7,2,特定住宅瑕疵担保責任の履行の確保等に関する法律に基づく住宅販売瑕 か 疵 し 担保保 証金（以下この問において「保証金」という。）の供託又は住宅販売瑕 か 疵 し 担保責任保険契約 （以下この問において「保険契約」という。）の締結に関する次の記述のうち、正しいものは どれか。,宅地建物取引業者は、基準日から3 週間を経過する日までの間において、当該基準日前 15 年間に自ら売主となる売買契約に基づき宅地建物取引業者ではない買主に引き渡した新 築住宅（保険契約に係る新築住宅を除く。）について、保証金の供託をしていなければなら ない。,宅地建物取引業者は、自ら売主となる売買契約に基づき新築住宅を引き渡す場合だけでな く、新築住宅の売買の媒介をする場合においても、保証金の供託又は保険契約の締結をしな ければならない。,保険契約を締結している宅地建物取引業者は、新築住宅を引き渡した時から10 年間、構 造耐力上主要な部分の瑕 か 疵 し によって生じた損害についてのみ当該保険契約に係る保険金を請 求することができる。,保険契約を締結している宅地建物取引業者及び当該業者が売主となっている新築住宅の買 主は、指定住宅紛争処理機関に特別住宅紛争処理の申請をすることにより、当該新築住宅の 売買契約に関する宅地建物取引業者と買主との間の紛争について、あっせん、調停又は仲裁 を受けることができる。,3,公式解答: 4,https://www.retio.or.jp/wp-content/uploads/2025/12/R7_question_answer.pdf
R7QUESTIONANSWER_Q46,税・その他,R7,2,独立行政法人住宅金融支援機構（以下この問において「機構」という。）に関す る次の記述のうち、誤っているものはどれか。,機構は、災害により住宅が滅失した場合におけるその住宅に代わるべき住宅の建設又は購 入に係る貸付金について、一定の元金返済の据置期間を設けることができる。,機構は、証券化支援事業（買取型）において、債務者又は債務者の親族が居住する住宅の みならず、賃貸住宅の建設又は購入に必要な資金の貸付けに係る金融機関の貸付債権につい ても譲受けの対象としている。,機構は、高齢者が自ら居住する住宅に対して行うバリアフリー工事に係る貸付けについ て、貸付金の償還を高齢者の死亡時に一括して行うという制度を設けている。,機構は、市街地の土地の合理的な利用に寄与する一定の建築物の建設に必要な資金の貸付 けを業務として行っている。,1,公式解答: 2,https://www.retio.or.jp/wp-content/uploads/2025/12/R7_question_answer.pdf
R7QUESTIONANSWER_Q47,税・その他,R7,2,宅地建物取引業者が行う広告に関する次の記述のうち、不当景品類及び不当表示 防止法（不動産の表示に関する公正競争規約を含む。）の規定によれば、正しいものはどれか。,団地（一団の宅地又は建物をいう。）と駅との間の道路距離は、取引する区画のうち駅か ら最も近い区画（マンション及びアパートにあっては、駅から最も近い建物の出入口）を起 点として算出した数値又は駅から最も遠い区画（マンション及びアパートにあっては、駅か ら最も遠い建物の出入口）を起点として算出した数値のいずれかを表示しなければならな い。,新築分譲マンションを販売するに当たり、住戸により管理費の額が異なる場合であっ て、その全ての住宅の管理費を表示することが困難であるときは、最高額のみで表示するこ とができる。,物件の近くに新設される予定の駅等又はバスの停留所については、当該路線の運行主体が 公表していれば、現に利用できるものではなくても新設予定時期を明示して表示することが できる。,道路距離80 m につき1 分間を要するものとして、賃貸物件から最寄りの駅までの徒歩に よる所要時間を算出したところ15 分50 秒であった。この場合、当該所要時間を15 分と表 示してよい。 以下の,2,公式解答: 3,https://www.retio.or.jp/wp-content/uploads/2025/12/R7_question_answer.pdf
R7QUESTIONANSWER_Q48,税・その他,R7,2,次の記述のうち、正しいものはどれか。,年次別法人企業統計調査（令和5 年度。令和6 年9 月公表）によれば、令和5 年度におけ る不動産業の営業利益は7 兆円を超えているが、前年度に比べ減少した。,建築着工統計調査報告（令和6 年計。令和7 年1 月公表）によれば、令和6 年の新設住宅 着工戸数は、持家、分譲住宅のいずれにおいても前年に比べ減少した。,令和7 年地価公示（令和7 年3 月公表）によれば、令和6 年1 月以降の1 年間の地価変動 率は、三大都市圏平均では住宅地、商業地ともに上昇となったものの、地方圏平均では住宅 地、商業地ともに下落となった。,令和7 年版土地白書（令和7 年5 月公表）によれば、土地取引について、売買による所有 権の移転登記の件数でその動向を見ると、令和6 年の全国の土地取引件数は200 万件を超え ており、前年に比べ大きく増加した。,1,公式解答: 2,https://www.retio.or.jp/wp-content/uploads/2025/12/R7_question_answer.pdf
R7QUESTIONANSWER_Q49,税・その他,R7,2,土地に関する次の記述のうち、最も不適当なものはどれか。,川沿いの低地に堆積している川が運んだ土砂は、重い構造物を支持できる。,砂州や砂丘には、粒径のそろった砂が堆積しており、地下水位が浅い箇所では、液状化し やすくなる。,丘陵地は、山地ほど斜面の勾配がきつくなく、山地に比べ斜面崩壊は生じ難いといえる。,台地は低地より古い時代に形成された地盤であり、一般に構造物を支持できる強度を有し ている。,0,公式解答: 1,https://www.retio.or.jp/wp-content/uploads/2025/12/R7_question_answer.pdf
R7QUESTIONANSWER_Q50,税・その他,R7,2,建物の構造と材料に関する次の記述のうち、最も不適当なものはどれか。,鋼材の素材の鋼は、鉄や炭素などの成分を含んでおり、炭素量が多いものほど、軟質で強 度が小さい。,鋼材は、熱に弱く、さびやすいので、耐火や防錆 せい の処理を施す必要がある。,鋼材は、強度が高く、粘りがあり、比較的小さな断面部材で荷重に耐えることができる。,鋼材の素材の鋼の密度は、木材やコンクリートに比べて大きい。 令和7 年度問題 受 験 番 号 ― 受験者氏名 問 １ 問 ２ 問 ３ 問 ４ 問 ５ 問 ６ 問 ７ 問 ８ 問 ９ 問１０ 問１１ 問１２ 問１３ 問１４ 問１５ 問１６ 問１７ 問１８ 問１９ 問２０ 問２１ 問２２ 問２３ 問２４ 問２５ 問２６ 問２７ 問２８ 問２９ 問３０ 問３１ 問３２ 問３３ 問３４ 問３５ 問３６ 問３７ 問３８ 問３９ 問４０ 問４１ 問４２ 問４３ 問４４ 問４５ 問４６ 問４７ 問４８ 問４９ 問５０ ◆試験問題の正解番号 令和７年度宅地建物取引士資格試験 ◆合格判定基準 ５０問中３３問以上正解 （登録講習修了者 ４５問中２８問以上正解）,0,公式解答: 1,https://www.retio.or.jp/wp-content/uploads/2025/12/R7_question_answer.pdf
